timestamp,value,metric,owner
2025-05-22 06:50:57,33.0,sum by(owner) (mc_chunk_ownership),multipaper-server-5d4c584f66-7rghg
2025-05-22 06:50:58,85.0,sum by(owner) (mc_chunk_ownership),multipaper-server-5d4c584f66-7rghg
2025-05-22 06:50:59,206.0,sum by(owner) (mc_chunk_ownership),multipaper-server-5d4c584f66-7rghg
2025-05-22 06:51:00,340.0,sum by(owner) (mc_chunk_ownership),multipaper-server-5d4c584f66-7rghg
2025-05-22 06:51:01,513.0,sum by(owner) (mc_chunk_ownership),multipaper-server-5d4c584f66-7rghg
2025-05-22 06:51:02,738.0,sum by(owner) (mc_chunk_ownership),multipaper-server-5d4c584f66-7rghg
2025-05-22 06:51:03,822.0,sum by(owner) (mc_chunk_ownership),multipaper-server-5d4c584f66-7rghg
2025-05-22 06:51:04,856.0,sum by(owner) (mc_chunk_ownership),multipaper-server-5d4c584f66-7rghg
2025-05-22 06:51:05,856.0,sum by(owner) (mc_chunk_ownership),multipaper-server-5d4c584f66-7rghg
2025-05-22 06:51:06,852.0,sum by(owner) (mc_chunk_ownership),multipaper-server-5d4c584f66-7rghg
2025-05-22 06:51:07,852.0,sum by(owner) (mc_chunk_ownership),multipaper-server-5d4c584f66-7rghg
2025-05-22 06:51:08,852.0,sum by(owner) (mc_chunk_ownership),multipaper-server-5d4c584f66-7rghg
2025-05-22 06:51:09,852.0,sum by(owner) (mc_chunk_ownership),multipaper-server-5d4c584f66-7rghg
2025-05-22 06:51:10,865.0,sum by(owner) (mc_chunk_ownership),multipaper-server-5d4c584f66-7rghg
2025-05-22 06:51:11,862.0,sum by(owner) (mc_chunk_ownership),multipaper-server-5d4c584f66-7rghg
2025-05-22 06:51:12,864.0,sum by(owner) (mc_chunk_ownership),multipaper-server-5d4c584f66-7rghg
2025-05-22 06:51:13,881.0,sum by(owner) (mc_chunk_ownership),multipaper-server-5d4c584f66-7rghg
2025-05-22 06:51:14,903.0,sum by(owner) (mc_chunk_ownership),multipaper-server-5d4c584f66-7rghg
2025-05-22 06:51:15,945.0,sum by(owner) (mc_chunk_ownership),multipaper-server-5d4c584f66-7rghg
2025-05-22 06:51:16,1005.0,sum by(owner) (mc_chunk_ownership),multipaper-server-5d4c584f66-7rghg
2025-05-22 06:51:17,1079.0,sum by(owner) (mc_chunk_ownership),multipaper-server-5d4c584f66-7rghg
2025-05-22 06:51:18,1163.0,sum by(owner) (mc_chunk_ownership),multipaper-server-5d4c584f66-7rghg
2025-05-22 06:51:19,1205.0,sum by(owner) (mc_chunk_ownership),multipaper-server-5d4c584f66-7rghg
2025-05-22 06:51:20,1242.0,sum by(owner) (mc_chunk_ownership),multipaper-server-5d4c584f66-7rghg
2025-05-22 06:51:21,1270.0,sum by(owner) (mc_chunk_ownership),multipaper-server-5d4c584f66-7rghg
2025-05-22 06:51:22,1383.0,sum by(owner) (mc_chunk_ownership),multipaper-server-5d4c584f66-7rghg
2025-05-22 06:51:23,1433.0,sum by(owner) (mc_chunk_ownership),multipaper-server-5d4c584f66-7rghg
2025-05-22 06:51:24,1526.0,sum by(owner) (mc_chunk_ownership),multipaper-server-5d4c584f66-7rghg
2025-05-22 06:51:25,1584.0,sum by(owner) (mc_chunk_ownership),multipaper-server-5d4c584f66-7rghg
2025-05-22 06:51:26,1638.0,sum by(owner) (mc_chunk_ownership),multipaper-server-5d4c584f66-7rghg
2025-05-22 06:51:27,1690.0,sum by(owner) (mc_chunk_ownership),multipaper-server-5d4c584f66-7rghg
2025-05-22 06:51:28,1760.0,sum by(owner) (mc_chunk_ownership),multipaper-server-5d4c584f66-7rghg
2025-05-22 06:51:29,1848.0,sum by(owner) (mc_chunk_ownership),multipaper-server-5d4c584f66-7rghg
2025-05-22 06:51:30,1923.0,sum by(owner) (mc_chunk_ownership),multipaper-server-5d4c584f66-7rghg
2025-05-22 06:51:31,2082.0,sum by(owner) (mc_chunk_ownership),multipaper-server-5d4c584f66-7rghg
2025-05-22 06:51:32,2282.0,sum by(owner) (mc_chunk_ownership),multipaper-server-5d4c584f66-7rghg
2025-05-22 06:51:33,2390.0,sum by(owner) (mc_chunk_ownership),multipaper-server-5d4c584f66-7rghg
2025-05-22 06:51:34,2451.0,sum by(owner) (mc_chunk_ownership),multipaper-server-5d4c584f66-7rghg
2025-05-22 06:51:35,2479.0,sum by(owner) (mc_chunk_ownership),multipaper-server-5d4c584f66-7rghg
2025-05-22 06:51:36,2512.0,sum by(owner) (mc_chunk_ownership),multipaper-server-5d4c584f66-7rghg
2025-05-22 06:51:37,2537.0,sum by(owner) (mc_chunk_ownership),multipaper-server-5d4c584f66-7rghg
2025-05-22 06:51:38,2528.0,sum by(owner) (mc_chunk_ownership),multipaper-server-5d4c584f66-7rghg
2025-05-22 06:51:39,2530.0,sum by(owner) (mc_chunk_ownership),multipaper-server-5d4c584f66-7rghg
2025-05-22 06:51:40,2579.0,sum by(owner) (mc_chunk_ownership),multipaper-server-5d4c584f66-7rghg
2025-05-22 06:51:41,2653.0,sum by(owner) (mc_chunk_ownership),multipaper-server-5d4c584f66-7rghg
2025-05-22 06:51:42,2659.0,sum by(owner) (mc_chunk_ownership),multipaper-server-5d4c584f66-7rghg
2025-05-22 06:51:43,2670.0,sum by(owner) (mc_chunk_ownership),multipaper-server-5d4c584f66-7rghg
2025-05-22 06:51:44,2703.0,sum by(owner) (mc_chunk_ownership),multipaper-server-5d4c584f66-7rghg
2025-05-22 06:51:45,2761.0,sum by(owner) (mc_chunk_ownership),multipaper-server-5d4c584f66-7rghg
2025-05-22 06:51:46,2821.0,sum by(owner) (mc_chunk_ownership),multipaper-server-5d4c584f66-7rghg
2025-05-22 06:51:47,2913.0,sum by(owner) (mc_chunk_ownership),multipaper-server-5d4c584f66-7rghg
2025-05-22 06:51:48,3027.0,sum by(owner) (mc_chunk_ownership),multipaper-server-5d4c584f66-7rghg
2025-05-22 06:51:49,3070.0,sum by(owner) (mc_chunk_ownership),multipaper-server-5d4c584f66-7rghg
2025-05-22 06:51:50,3116.0,sum by(owner) (mc_chunk_ownership),multipaper-server-5d4c584f66-7rghg
2025-05-22 06:51:51,3185.0,sum by(owner) (mc_chunk_ownership),multipaper-server-5d4c584f66-7rghg
2025-05-22 06:51:52,3220.0,sum by(owner) (mc_chunk_ownership),multipaper-server-5d4c584f66-7rghg
2025-05-22 06:51:53,3286.0,sum by(owner) (mc_chunk_ownership),multipaper-server-5d4c584f66-7rghg
2025-05-22 06:51:54,3302.0,sum by(owner) (mc_chunk_ownership),multipaper-server-5d4c584f66-7rghg
2025-05-22 06:51:55,3351.0,sum by(owner) (mc_chunk_ownership),multipaper-server-5d4c584f66-7rghg
2025-05-22 06:51:56,3345.0,sum by(owner) (mc_chunk_ownership),multipaper-server-5d4c584f66-7rghg
2025-05-22 06:51:57,3333.0,sum by(owner) (mc_chunk_ownership),multipaper-server-5d4c584f66-7rghg
2025-05-22 06:51:58,3416.0,sum by(owner) (mc_chunk_ownership),multipaper-server-5d4c584f66-7rghg
2025-05-22 06:51:59,3435.0,sum by(owner) (mc_chunk_ownership),multipaper-server-5d4c584f66-7rghg
2025-05-22 06:52:00,3477.0,sum by(owner) (mc_chunk_ownership),multipaper-server-5d4c584f66-7rghg
2025-05-22 06:52:01,3491.0,sum by(owner) (mc_chunk_ownership),multipaper-server-5d4c584f66-7rghg
2025-05-22 06:52:02,3506.0,sum by(owner) (mc_chunk_ownership),multipaper-server-5d4c584f66-7rghg
2025-05-22 06:52:03,3513.0,sum by(owner) (mc_chunk_ownership),multipaper-server-5d4c584f66-7rghg
2025-05-22 06:52:04,3526.0,sum by(owner) (mc_chunk_ownership),multipaper-server-5d4c584f66-7rghg
2025-05-22 06:52:05,3529.0,sum by(owner) (mc_chunk_ownership),multipaper-server-5d4c584f66-7rghg
2025-05-22 06:52:06,3595.0,sum by(owner) (mc_chunk_ownership),multipaper-server-5d4c584f66-7rghg
2025-05-22 06:52:07,3630.0,sum by(owner) (mc_chunk_ownership),multipaper-server-5d4c584f66-7rghg
2025-05-22 06:52:08,3665.0,sum by(owner) (mc_chunk_ownership),multipaper-server-5d4c584f66-7rghg
2025-05-22 06:52:09,3686.0,sum by(owner) (mc_chunk_ownership),multipaper-server-5d4c584f66-7rghg
2025-05-22 06:52:10,3669.0,sum by(owner) (mc_chunk_ownership),multipaper-server-5d4c584f66-7rghg
2025-05-22 06:52:11,3681.0,sum by(owner) (mc_chunk_ownership),multipaper-server-5d4c584f66-7rghg
2025-05-22 06:52:12,3668.0,sum by(owner) (mc_chunk_ownership),multipaper-server-5d4c584f66-7rghg
2025-05-22 06:52:13,3711.0,sum by(owner) (mc_chunk_ownership),multipaper-server-5d4c584f66-7rghg
2025-05-22 06:52:14,3745.0,sum by(owner) (mc_chunk_ownership),multipaper-server-5d4c584f66-7rghg
2025-05-22 06:52:15,3782.0,sum by(owner) (mc_chunk_ownership),multipaper-server-5d4c584f66-7rghg
2025-05-22 06:52:16,3788.0,sum by(owner) (mc_chunk_ownership),multipaper-server-5d4c584f66-7rghg
2025-05-22 06:52:17,3802.0,sum by(owner) (mc_chunk_ownership),multipaper-server-5d4c584f66-7rghg
2025-05-22 06:52:18,3821.0,sum by(owner) (mc_chunk_ownership),multipaper-server-5d4c584f66-7rghg
2025-05-22 06:52:19,3866.0,sum by(owner) (mc_chunk_ownership),multipaper-server-5d4c584f66-7rghg
2025-05-22 06:52:20,3878.0,sum by(owner) (mc_chunk_ownership),multipaper-server-5d4c584f66-7rghg
2025-05-22 06:52:21,3895.0,sum by(owner) (mc_chunk_ownership),multipaper-server-5d4c584f66-7rghg
2025-05-22 06:52:22,3914.0,sum by(owner) (mc_chunk_ownership),multipaper-server-5d4c584f66-7rghg
2025-05-22 06:52:23,3935.0,sum by(owner) (mc_chunk_ownership),multipaper-server-5d4c584f66-7rghg
2025-05-22 06:52:24,3960.0,sum by(owner) (mc_chunk_ownership),multipaper-server-5d4c584f66-7rghg
2025-05-22 06:52:25,3988.0,sum by(owner) (mc_chunk_ownership),multipaper-server-5d4c584f66-7rghg
2025-05-22 06:52:26,4000.0,sum by(owner) (mc_chunk_ownership),multipaper-server-5d4c584f66-7rghg
2025-05-22 06:52:27,3976.0,sum by(owner) (mc_chunk_ownership),multipaper-server-5d4c584f66-7rghg
2025-05-22 06:52:28,4024.0,sum by(owner) (mc_chunk_ownership),multipaper-server-5d4c584f66-7rghg
2025-05-22 06:52:29,4054.0,sum by(owner) (mc_chunk_ownership),multipaper-server-5d4c584f66-7rghg
2025-05-22 06:52:30,4067.0,sum by(owner) (mc_chunk_ownership),multipaper-server-5d4c584f66-7rghg
2025-05-22 06:52:31,4089.0,sum by(owner) (mc_chunk_ownership),multipaper-server-5d4c584f66-7rghg
2025-05-22 06:52:32,4073.0,sum by(owner) (mc_chunk_ownership),multipaper-server-5d4c584f66-7rghg
2025-05-22 06:52:33,4093.0,sum by(owner) (mc_chunk_ownership),multipaper-server-5d4c584f66-7rghg
2025-05-22 06:52:34,4127.0,sum by(owner) (mc_chunk_ownership),multipaper-server-5d4c584f66-7rghg
2025-05-22 06:52:35,4112.0,sum by(owner) (mc_chunk_ownership),multipaper-server-5d4c584f66-7rghg
2025-05-22 06:52:36,4138.0,sum by(owner) (mc_chunk_ownership),multipaper-server-5d4c584f66-7rghg
2025-05-22 06:52:37,4132.0,sum by(owner) (mc_chunk_ownership),multipaper-server-5d4c584f66-7rghg
2025-05-22 06:52:38,4133.0,sum by(owner) (mc_chunk_ownership),multipaper-server-5d4c584f66-7rghg
2025-05-22 06:52:39,4128.0,sum by(owner) (mc_chunk_ownership),multipaper-server-5d4c584f66-7rghg
2025-05-22 06:52:40,4136.0,sum by(owner) (mc_chunk_ownership),multipaper-server-5d4c584f66-7rghg
2025-05-22 06:52:41,4129.0,sum by(owner) (mc_chunk_ownership),multipaper-server-5d4c584f66-7rghg
2025-05-22 06:52:42,4105.0,sum by(owner) (mc_chunk_ownership),multipaper-server-5d4c584f66-7rghg
2025-05-22 06:52:43,4085.0,sum by(owner) (mc_chunk_ownership),multipaper-server-5d4c584f66-7rghg
2025-05-22 06:52:44,4087.0,sum by(owner) (mc_chunk_ownership),multipaper-server-5d4c584f66-7rghg
2025-05-22 06:52:45,4058.0,sum by(owner) (mc_chunk_ownership),multipaper-server-5d4c584f66-7rghg
2025-05-22 06:52:46,4116.0,sum by(owner) (mc_chunk_ownership),multipaper-server-5d4c584f66-7rghg
2025-05-22 06:52:47,4069.0,sum by(owner) (mc_chunk_ownership),multipaper-server-5d4c584f66-7rghg
2025-05-22 06:52:48,4055.0,sum by(owner) (mc_chunk_ownership),multipaper-server-5d4c584f66-7rghg
2025-05-22 06:52:49,4042.0,sum by(owner) (mc_chunk_ownership),multipaper-server-5d4c584f66-7rghg
2025-05-22 06:52:50,4046.0,sum by(owner) (mc_chunk_ownership),multipaper-server-5d4c584f66-7rghg
2025-05-22 06:52:51,4033.0,sum by(owner) (mc_chunk_ownership),multipaper-server-5d4c584f66-7rghg
2025-05-22 06:52:52,4039.0,sum by(owner) (mc_chunk_ownership),multipaper-server-5d4c584f66-7rghg
2025-05-22 06:52:53,4002.0,sum by(owner) (mc_chunk_ownership),multipaper-server-5d4c584f66-7rghg
2025-05-22 06:52:54,4012.0,sum by(owner) (mc_chunk_ownership),multipaper-server-5d4c584f66-7rghg
2025-05-22 06:52:55,3984.0,sum by(owner) (mc_chunk_ownership),multipaper-server-5d4c584f66-7rghg
2025-05-22 06:52:56,4011.0,sum by(owner) (mc_chunk_ownership),multipaper-server-5d4c584f66-7rghg
2025-05-22 06:52:57,4016.0,sum by(owner) (mc_chunk_ownership),multipaper-server-5d4c584f66-7rghg
2025-05-22 06:52:58,4008.0,sum by(owner) (mc_chunk_ownership),multipaper-server-5d4c584f66-7rghg
2025-05-22 06:52:59,4015.0,sum by(owner) (mc_chunk_ownership),multipaper-server-5d4c584f66-7rghg
2025-05-22 06:53:00,3985.0,sum by(owner) (mc_chunk_ownership),multipaper-server-5d4c584f66-7rghg
2025-05-22 06:53:01,3969.0,sum by(owner) (mc_chunk_ownership),multipaper-server-5d4c584f66-7rghg
2025-05-22 06:53:02,3962.0,sum by(owner) (mc_chunk_ownership),multipaper-server-5d4c584f66-7rghg
2025-05-22 06:53:03,4009.0,sum by(owner) (mc_chunk_ownership),multipaper-server-5d4c584f66-7rghg
2025-05-22 06:53:04,4030.0,sum by(owner) (mc_chunk_ownership),multipaper-server-5d4c584f66-7rghg
2025-05-22 06:53:05,4001.0,sum by(owner) (mc_chunk_ownership),multipaper-server-5d4c584f66-7rghg
2025-05-22 06:53:06,3995.0,sum by(owner) (mc_chunk_ownership),multipaper-server-5d4c584f66-7rghg
2025-05-22 06:53:07,3987.0,sum by(owner) (mc_chunk_ownership),multipaper-server-5d4c584f66-7rghg
2025-05-22 06:53:08,3974.0,sum by(owner) (mc_chunk_ownership),multipaper-server-5d4c584f66-7rghg
2025-05-22 06:53:09,3958.0,sum by(owner) (mc_chunk_ownership),multipaper-server-5d4c584f66-7rghg
2025-05-22 06:53:10,3946.0,sum by(owner) (mc_chunk_ownership),multipaper-server-5d4c584f66-7rghg
2025-05-22 06:53:11,3935.0,sum by(owner) (mc_chunk_ownership),multipaper-server-5d4c584f66-7rghg
2025-05-22 06:53:12,3904.0,sum by(owner) (mc_chunk_ownership),multipaper-server-5d4c584f66-7rghg
2025-05-22 06:53:13,3904.0,sum by(owner) (mc_chunk_ownership),multipaper-server-5d4c584f66-7rghg
2025-05-22 06:53:14,3916.0,sum by(owner) (mc_chunk_ownership),multipaper-server-5d4c584f66-7rghg
2025-05-22 06:53:15,3911.0,sum by(owner) (mc_chunk_ownership),multipaper-server-5d4c584f66-7rghg
2025-05-22 06:53:16,3856.0,sum by(owner) (mc_chunk_ownership),multipaper-server-5d4c584f66-7rghg
2025-05-22 06:53:17,3897.0,sum by(owner) (mc_chunk_ownership),multipaper-server-5d4c584f66-7rghg
2025-05-22 06:53:18,3886.0,sum by(owner) (mc_chunk_ownership),multipaper-server-5d4c584f66-7rghg
2025-05-22 06:53:19,3892.0,sum by(owner) (mc_chunk_ownership),multipaper-server-5d4c584f66-7rghg
2025-05-22 06:53:20,3867.0,sum by(owner) (mc_chunk_ownership),multipaper-server-5d4c584f66-7rghg
2025-05-22 06:53:21,3895.0,sum by(owner) (mc_chunk_ownership),multipaper-server-5d4c584f66-7rghg
2025-05-22 06:53:22,3894.0,sum by(owner) (mc_chunk_ownership),multipaper-server-5d4c584f66-7rghg
2025-05-22 06:53:23,3893.0,sum by(owner) (mc_chunk_ownership),multipaper-server-5d4c584f66-7rghg
2025-05-22 06:53:24,3883.0,sum by(owner) (mc_chunk_ownership),multipaper-server-5d4c584f66-7rghg
2025-05-22 06:53:25,3873.0,sum by(owner) (mc_chunk_ownership),multipaper-server-5d4c584f66-7rghg
2025-05-22 06:53:26,3859.0,sum by(owner) (mc_chunk_ownership),multipaper-server-5d4c584f66-7rghg
2025-05-22 06:53:27,3824.0,sum by(owner) (mc_chunk_ownership),multipaper-server-5d4c584f66-7rghg
2025-05-22 06:53:28,3801.0,sum by(owner) (mc_chunk_ownership),multipaper-server-5d4c584f66-7rghg
2025-05-22 06:53:29,3839.0,sum by(owner) (mc_chunk_ownership),multipaper-server-5d4c584f66-7rghg
2025-05-22 06:53:30,3849.0,sum by(owner) (mc_chunk_ownership),multipaper-server-5d4c584f66-7rghg
2025-05-22 06:53:31,3806.0,sum by(owner) (mc_chunk_ownership),multipaper-server-5d4c584f66-7rghg
2025-05-22 06:53:32,3775.0,sum by(owner) (mc_chunk_ownership),multipaper-server-5d4c584f66-7rghg
2025-05-22 06:53:33,3793.0,sum by(owner) (mc_chunk_ownership),multipaper-server-5d4c584f66-7rghg
2025-05-22 06:53:34,3808.0,sum by(owner) (mc_chunk_ownership),multipaper-server-5d4c584f66-7rghg
2025-05-22 06:53:35,3783.0,sum by(owner) (mc_chunk_ownership),multipaper-server-5d4c584f66-7rghg
2025-05-22 06:53:36,3744.0,sum by(owner) (mc_chunk_ownership),multipaper-server-5d4c584f66-7rghg
2025-05-22 06:53:37,3678.0,sum by(owner) (mc_chunk_ownership),multipaper-server-5d4c584f66-7rghg
2025-05-22 06:53:38,3687.0,sum by(owner) (mc_chunk_ownership),multipaper-server-5d4c584f66-7rghg
2025-05-22 06:53:39,3695.0,sum by(owner) (mc_chunk_ownership),multipaper-server-5d4c584f66-7rghg
2025-05-22 06:53:40,3698.0,sum by(owner) (mc_chunk_ownership),multipaper-server-5d4c584f66-7rghg
2025-05-22 06:53:41,3674.0,sum by(owner) (mc_chunk_ownership),multipaper-server-5d4c584f66-7rghg
2025-05-22 06:53:42,3652.0,sum by(owner) (mc_chunk_ownership),multipaper-server-5d4c584f66-7rghg
2025-05-22 06:53:43,3599.0,sum by(owner) (mc_chunk_ownership),multipaper-server-5d4c584f66-7rghg
2025-05-22 06:53:44,3595.0,sum by(owner) (mc_chunk_ownership),multipaper-server-5d4c584f66-7rghg
2025-05-22 06:53:45,3603.0,sum by(owner) (mc_chunk_ownership),multipaper-server-5d4c584f66-7rghg
2025-05-22 06:53:46,3564.0,sum by(owner) (mc_chunk_ownership),multipaper-server-5d4c584f66-7rghg
2025-05-22 06:53:47,3541.0,sum by(owner) (mc_chunk_ownership),multipaper-server-5d4c584f66-7rghg
2025-05-22 06:53:48,3499.0,sum by(owner) (mc_chunk_ownership),multipaper-server-5d4c584f66-7rghg
2025-05-22 06:53:49,3509.0,sum by(owner) (mc_chunk_ownership),multipaper-server-5d4c584f66-7rghg
2025-05-22 06:53:50,3480.0,sum by(owner) (mc_chunk_ownership),multipaper-server-5d4c584f66-7rghg
2025-05-22 06:53:51,3474.0,sum by(owner) (mc_chunk_ownership),multipaper-server-5d4c584f66-7rghg
2025-05-22 06:53:52,3400.0,sum by(owner) (mc_chunk_ownership),multipaper-server-5d4c584f66-7rghg
2025-05-22 06:53:53,3415.0,sum by(owner) (mc_chunk_ownership),multipaper-server-5d4c584f66-7rghg
2025-05-22 06:53:54,3396.0,sum by(owner) (mc_chunk_ownership),multipaper-server-5d4c584f66-7rghg
2025-05-22 06:53:55,3376.0,sum by(owner) (mc_chunk_ownership),multipaper-server-5d4c584f66-7rghg
2025-05-22 06:53:56,3380.0,sum by(owner) (mc_chunk_ownership),multipaper-server-5d4c584f66-7rghg
2025-05-22 06:53:57,3343.0,sum by(owner) (mc_chunk_ownership),multipaper-server-5d4c584f66-7rghg
2025-05-22 06:53:58,3326.0,sum by(owner) (mc_chunk_ownership),multipaper-server-5d4c584f66-7rghg
2025-05-22 06:53:59,3326.0,sum by(owner) (mc_chunk_ownership),multipaper-server-5d4c584f66-7rghg
2025-05-22 06:54:00,3304.0,sum by(owner) (mc_chunk_ownership),multipaper-server-5d4c584f66-7rghg
2025-05-22 06:54:01,3279.0,sum by(owner) (mc_chunk_ownership),multipaper-server-5d4c584f66-7rghg
2025-05-22 06:54:02,3240.0,sum by(owner) (mc_chunk_ownership),multipaper-server-5d4c584f66-7rghg
2025-05-22 06:54:03,3231.0,sum by(owner) (mc_chunk_ownership),multipaper-server-5d4c584f66-7rghg
2025-05-22 06:54:04,3228.0,sum by(owner) (mc_chunk_ownership),multipaper-server-5d4c584f66-7rghg
2025-05-22 06:54:05,3222.0,sum by(owner) (mc_chunk_ownership),multipaper-server-5d4c584f66-7rghg
2025-05-22 06:54:06,3184.0,sum by(owner) (mc_chunk_ownership),multipaper-server-5d4c584f66-7rghg
2025-05-22 06:54:07,3165.0,sum by(owner) (mc_chunk_ownership),multipaper-server-5d4c584f66-7rghg
2025-05-22 06:54:08,3105.0,sum by(owner) (mc_chunk_ownership),multipaper-server-5d4c584f66-7rghg
2025-05-22 06:54:09,3070.0,sum by(owner) (mc_chunk_ownership),multipaper-server-5d4c584f66-7rghg
2025-05-22 06:54:10,3050.0,sum by(owner) (mc_chunk_ownership),multipaper-server-5d4c584f66-7rghg
2025-05-22 06:54:11,3026.0,sum by(owner) (mc_chunk_ownership),multipaper-server-5d4c584f66-7rghg
2025-05-22 06:54:12,2987.0,sum by(owner) (mc_chunk_ownership),multipaper-server-5d4c584f66-7rghg
2025-05-22 06:54:13,2988.0,sum by(owner) (mc_chunk_ownership),multipaper-server-5d4c584f66-7rghg
2025-05-22 06:54:14,2968.0,sum by(owner) (mc_chunk_ownership),multipaper-server-5d4c584f66-7rghg
2025-05-22 06:54:15,2941.0,sum by(owner) (mc_chunk_ownership),multipaper-server-5d4c584f66-7rghg
2025-05-22 06:54:16,2880.0,sum by(owner) (mc_chunk_ownership),multipaper-server-5d4c584f66-7rghg
2025-05-22 06:54:17,2860.0,sum by(owner) (mc_chunk_ownership),multipaper-server-5d4c584f66-7rghg
2025-05-22 06:54:18,2837.0,sum by(owner) (mc_chunk_ownership),multipaper-server-5d4c584f66-7rghg
2025-05-22 06:54:19,2797.0,sum by(owner) (mc_chunk_ownership),multipaper-server-5d4c584f66-7rghg
2025-05-22 06:54:20,2797.0,sum by(owner) (mc_chunk_ownership),multipaper-server-5d4c584f66-7rghg
2025-05-22 06:54:21,2770.0,sum by(owner) (mc_chunk_ownership),multipaper-server-5d4c584f66-7rghg
2025-05-22 06:54:22,2771.0,sum by(owner) (mc_chunk_ownership),multipaper-server-5d4c584f66-7rghg
2025-05-22 06:54:23,2763.0,sum by(owner) (mc_chunk_ownership),multipaper-server-5d4c584f66-7rghg
2025-05-22 06:54:24,2750.0,sum by(owner) (mc_chunk_ownership),multipaper-server-5d4c584f66-7rghg
2025-05-22 06:54:25,2748.0,sum by(owner) (mc_chunk_ownership),multipaper-server-5d4c584f66-7rghg
2025-05-22 06:54:26,2723.0,sum by(owner) (mc_chunk_ownership),multipaper-server-5d4c584f66-7rghg
2025-05-22 06:54:27,2726.0,sum by(owner) (mc_chunk_ownership),multipaper-server-5d4c584f66-7rghg
2025-05-22 06:54:28,2729.0,sum by(owner) (mc_chunk_ownership),multipaper-server-5d4c584f66-7rghg
2025-05-22 06:54:29,2681.0,sum by(owner) (mc_chunk_ownership),multipaper-server-5d4c584f66-7rghg
2025-05-22 06:54:30,2682.0,sum by(owner) (mc_chunk_ownership),multipaper-server-5d4c584f66-7rghg
2025-05-22 06:54:31,2681.0,sum by(owner) (mc_chunk_ownership),multipaper-server-5d4c584f66-7rghg
2025-05-22 06:54:32,2669.0,sum by(owner) (mc_chunk_ownership),multipaper-server-5d4c584f66-7rghg
2025-05-22 06:54:33,2655.0,sum by(owner) (mc_chunk_ownership),multipaper-server-5d4c584f66-7rghg
2025-05-22 06:54:34,2609.0,sum by(owner) (mc_chunk_ownership),multipaper-server-5d4c584f66-7rghg
2025-05-22 06:54:35,2611.0,sum by(owner) (mc_chunk_ownership),multipaper-server-5d4c584f66-7rghg
2025-05-22 06:54:36,2591.0,sum by(owner) (mc_chunk_ownership),multipaper-server-5d4c584f66-7rghg
2025-05-22 06:54:37,2598.0,sum by(owner) (mc_chunk_ownership),multipaper-server-5d4c584f66-7rghg
2025-05-22 06:54:38,2574.0,sum by(owner) (mc_chunk_ownership),multipaper-server-5d4c584f66-7rghg
2025-05-22 06:54:39,2576.0,sum by(owner) (mc_chunk_ownership),multipaper-server-5d4c584f66-7rghg
2025-05-22 06:54:40,2580.0,sum by(owner) (mc_chunk_ownership),multipaper-server-5d4c584f66-7rghg
2025-05-22 06:54:41,2566.0,sum by(owner) (mc_chunk_ownership),multipaper-server-5d4c584f66-7rghg
2025-05-22 06:54:42,2548.0,sum by(owner) (mc_chunk_ownership),multipaper-server-5d4c584f66-7rghg
2025-05-22 06:54:43,2542.0,sum by(owner) (mc_chunk_ownership),multipaper-server-5d4c584f66-7rghg
2025-05-22 06:54:44,2533.0,sum by(owner) (mc_chunk_ownership),multipaper-server-5d4c584f66-7rghg
2025-05-22 06:54:45,2534.0,sum by(owner) (mc_chunk_ownership),multipaper-server-5d4c584f66-7rghg
2025-05-22 06:54:46,2564.0,sum by(owner) (mc_chunk_ownership),multipaper-server-5d4c584f66-7rghg
2025-05-22 06:54:47,2551.0,sum by(owner) (mc_chunk_ownership),multipaper-server-5d4c584f66-7rghg
2025-05-22 06:54:48,2525.0,sum by(owner) (mc_chunk_ownership),multipaper-server-5d4c584f66-7rghg
2025-05-22 06:54:49,2502.0,sum by(owner) (mc_chunk_ownership),multipaper-server-5d4c584f66-7rghg
2025-05-22 06:54:50,2490.0,sum by(owner) (mc_chunk_ownership),multipaper-server-5d4c584f66-7rghg
2025-05-22 06:54:51,2482.0,sum by(owner) (mc_chunk_ownership),multipaper-server-5d4c584f66-7rghg
2025-05-22 06:54:52,2490.0,sum by(owner) (mc_chunk_ownership),multipaper-server-5d4c584f66-7rghg
2025-05-22 06:54:53,2493.0,sum by(owner) (mc_chunk_ownership),multipaper-server-5d4c584f66-7rghg
2025-05-22 06:54:54,2486.0,sum by(owner) (mc_chunk_ownership),multipaper-server-5d4c584f66-7rghg
2025-05-22 06:54:55,2477.0,sum by(owner) (mc_chunk_ownership),multipaper-server-5d4c584f66-7rghg
2025-05-22 06:54:56,2484.0,sum by(owner) (mc_chunk_ownership),multipaper-server-5d4c584f66-7rghg
2025-05-22 06:54:57,2463.0,sum by(owner) (mc_chunk_ownership),multipaper-server-5d4c584f66-7rghg
2025-05-22 06:54:58,2411.0,sum by(owner) (mc_chunk_ownership),multipaper-server-5d4c584f66-7rghg
2025-05-22 06:54:59,2418.0,sum by(owner) (mc_chunk_ownership),multipaper-server-5d4c584f66-7rghg
2025-05-22 06:55:00,2423.0,sum by(owner) (mc_chunk_ownership),multipaper-server-5d4c584f66-7rghg
2025-05-22 06:55:01,2433.0,sum by(owner) (mc_chunk_ownership),multipaper-server-5d4c584f66-7rghg
2025-05-22 06:55:02,2412.0,sum by(owner) (mc_chunk_ownership),multipaper-server-5d4c584f66-7rghg
2025-05-22 06:55:03,2420.0,sum by(owner) (mc_chunk_ownership),multipaper-server-5d4c584f66-7rghg
2025-05-22 06:55:04,2413.0,sum by(owner) (mc_chunk_ownership),multipaper-server-5d4c584f66-7rghg
2025-05-22 06:55:05,2429.0,sum by(owner) (mc_chunk_ownership),multipaper-server-5d4c584f66-7rghg
2025-05-22 06:55:06,2404.0,sum by(owner) (mc_chunk_ownership),multipaper-server-5d4c584f66-7rghg
2025-05-22 06:55:07,2423.0,sum by(owner) (mc_chunk_ownership),multipaper-server-5d4c584f66-7rghg
2025-05-22 06:55:08,2413.0,sum by(owner) (mc_chunk_ownership),multipaper-server-5d4c584f66-7rghg
2025-05-22 06:55:09,2414.0,sum by(owner) (mc_chunk_ownership),multipaper-server-5d4c584f66-7rghg
2025-05-22 06:55:10,2422.0,sum by(owner) (mc_chunk_ownership),multipaper-server-5d4c584f66-7rghg
2025-05-22 06:55:11,2401.0,sum by(owner) (mc_chunk_ownership),multipaper-server-5d4c584f66-7rghg
2025-05-22 06:55:12,2413.0,sum by(owner) (mc_chunk_ownership),multipaper-server-5d4c584f66-7rghg
2025-05-22 06:55:13,2389.0,sum by(owner) (mc_chunk_ownership),multipaper-server-5d4c584f66-7rghg
2025-05-22 06:55:14,2382.0,sum by(owner) (mc_chunk_ownership),multipaper-server-5d4c584f66-7rghg
2025-05-22 06:55:15,2393.0,sum by(owner) (mc_chunk_ownership),multipaper-server-5d4c584f66-7rghg
2025-05-22 06:55:16,2390.0,sum by(owner) (mc_chunk_ownership),multipaper-server-5d4c584f66-7rghg
2025-05-22 06:55:17,2395.0,sum by(owner) (mc_chunk_ownership),multipaper-server-5d4c584f66-7rghg
2025-05-22 06:55:18,2390.0,sum by(owner) (mc_chunk_ownership),multipaper-server-5d4c584f66-7rghg
2025-05-22 06:55:19,2395.0,sum by(owner) (mc_chunk_ownership),multipaper-server-5d4c584f66-7rghg
2025-05-22 06:55:20,2389.0,sum by(owner) (mc_chunk_ownership),multipaper-server-5d4c584f66-7rghg
2025-05-22 06:55:21,2349.0,sum by(owner) (mc_chunk_ownership),multipaper-server-5d4c584f66-7rghg
2025-05-22 06:55:22,2358.0,sum by(owner) (mc_chunk_ownership),multipaper-server-5d4c584f66-7rghg
2025-05-22 06:55:23,2358.0,sum by(owner) (mc_chunk_ownership),multipaper-server-5d4c584f66-7rghg
2025-05-22 06:55:24,2359.0,sum by(owner) (mc_chunk_ownership),multipaper-server-5d4c584f66-7rghg
2025-05-22 06:55:25,2353.0,sum by(owner) (mc_chunk_ownership),multipaper-server-5d4c584f66-7rghg
2025-05-22 06:55:26,2344.0,sum by(owner) (mc_chunk_ownership),multipaper-server-5d4c584f66-7rghg
2025-05-22 06:55:27,2326.0,sum by(owner) (mc_chunk_ownership),multipaper-server-5d4c584f66-7rghg
2025-05-22 06:55:28,2343.0,sum by(owner) (mc_chunk_ownership),multipaper-server-5d4c584f66-7rghg
2025-05-22 06:55:29,2343.0,sum by(owner) (mc_chunk_ownership),multipaper-server-5d4c584f66-7rghg
2025-05-22 06:55:30,2335.0,sum by(owner) (mc_chunk_ownership),multipaper-server-5d4c584f66-7rghg
2025-05-22 06:55:31,2325.0,sum by(owner) (mc_chunk_ownership),multipaper-server-5d4c584f66-7rghg
2025-05-22 06:55:32,2328.0,sum by(owner) (mc_chunk_ownership),multipaper-server-5d4c584f66-7rghg
2025-05-22 06:55:33,2333.0,sum by(owner) (mc_chunk_ownership),multipaper-server-5d4c584f66-7rghg
2025-05-22 06:55:34,2315.0,sum by(owner) (mc_chunk_ownership),multipaper-server-5d4c584f66-7rghg
2025-05-22 06:55:35,2320.0,sum by(owner) (mc_chunk_ownership),multipaper-server-5d4c584f66-7rghg
2025-05-22 06:55:36,2299.0,sum by(owner) (mc_chunk_ownership),multipaper-server-5d4c584f66-7rghg
2025-05-22 06:55:37,2298.0,sum by(owner) (mc_chunk_ownership),multipaper-server-5d4c584f66-7rghg
2025-05-22 06:55:38,2319.0,sum by(owner) (mc_chunk_ownership),multipaper-server-5d4c584f66-7rghg
2025-05-22 06:55:39,2314.0,sum by(owner) (mc_chunk_ownership),multipaper-server-5d4c584f66-7rghg
2025-05-22 06:55:40,2321.0,sum by(owner) (mc_chunk_ownership),multipaper-server-5d4c584f66-7rghg
2025-05-22 06:55:41,2318.0,sum by(owner) (mc_chunk_ownership),multipaper-server-5d4c584f66-7rghg
2025-05-22 06:55:42,2310.0,sum by(owner) (mc_chunk_ownership),multipaper-server-5d4c584f66-7rghg
2025-05-22 06:55:43,2327.0,sum by(owner) (mc_chunk_ownership),multipaper-server-5d4c584f66-7rghg
2025-05-22 06:55:44,2342.0,sum by(owner) (mc_chunk_ownership),multipaper-server-5d4c584f66-7rghg
2025-05-22 06:55:45,2348.0,sum by(owner) (mc_chunk_ownership),multipaper-server-5d4c584f66-7rghg
2025-05-22 06:55:46,2370.0,sum by(owner) (mc_chunk_ownership),multipaper-server-5d4c584f66-7rghg
2025-05-22 06:55:47,2364.0,sum by(owner) (mc_chunk_ownership),multipaper-server-5d4c584f66-7rghg
2025-05-22 06:55:48,2372.0,sum by(owner) (mc_chunk_ownership),multipaper-server-5d4c584f66-7rghg
2025-05-22 06:55:49,2376.0,sum by(owner) (mc_chunk_ownership),multipaper-server-5d4c584f66-7rghg
2025-05-22 06:55:50,2373.0,sum by(owner) (mc_chunk_ownership),multipaper-server-5d4c584f66-7rghg
2025-05-22 06:55:51,2367.0,sum by(owner) (mc_chunk_ownership),multipaper-server-5d4c584f66-7rghg
2025-05-22 06:55:52,2386.0,sum by(owner) (mc_chunk_ownership),multipaper-server-5d4c584f66-7rghg
2025-05-22 06:55:53,2405.0,sum by(owner) (mc_chunk_ownership),multipaper-server-5d4c584f66-7rghg
2025-05-22 06:55:54,2395.0,sum by(owner) (mc_chunk_ownership),multipaper-server-5d4c584f66-7rghg
2025-05-22 06:55:55,2388.0,sum by(owner) (mc_chunk_ownership),multipaper-server-5d4c584f66-7rghg
2025-05-22 06:55:56,2372.0,sum by(owner) (mc_chunk_ownership),multipaper-server-5d4c584f66-7rghg
2025-05-22 06:55:57,2381.0,sum by(owner) (mc_chunk_ownership),multipaper-server-5d4c584f66-7rghg
2025-05-22 06:55:58,2389.0,sum by(owner) (mc_chunk_ownership),multipaper-server-5d4c584f66-7rghg
2025-05-22 06:55:59,2370.0,sum by(owner) (mc_chunk_ownership),multipaper-server-5d4c584f66-7rghg
2025-05-22 06:56:00,2371.0,sum by(owner) (mc_chunk_ownership),multipaper-server-5d4c584f66-7rghg
2025-05-22 06:56:01,2365.0,sum by(owner) (mc_chunk_ownership),multipaper-server-5d4c584f66-7rghg
2025-05-22 06:56:02,2368.0,sum by(owner) (mc_chunk_ownership),multipaper-server-5d4c584f66-7rghg
2025-05-22 06:56:03,2376.0,sum by(owner) (mc_chunk_ownership),multipaper-server-5d4c584f66-7rghg
2025-05-22 06:56:04,2394.0,sum by(owner) (mc_chunk_ownership),multipaper-server-5d4c584f66-7rghg
2025-05-22 06:56:05,2399.0,sum by(owner) (mc_chunk_ownership),multipaper-server-5d4c584f66-7rghg
2025-05-22 06:56:06,2380.0,sum by(owner) (mc_chunk_ownership),multipaper-server-5d4c584f66-7rghg
2025-05-22 06:56:07,2394.0,sum by(owner) (mc_chunk_ownership),multipaper-server-5d4c584f66-7rghg
2025-05-22 06:56:08,2386.0,sum by(owner) (mc_chunk_ownership),multipaper-server-5d4c584f66-7rghg
2025-05-22 06:56:09,2415.0,sum by(owner) (mc_chunk_ownership),multipaper-server-5d4c584f66-7rghg
2025-05-22 06:56:10,2426.0,sum by(owner) (mc_chunk_ownership),multipaper-server-5d4c584f66-7rghg
2025-05-22 06:56:11,2419.0,sum by(owner) (mc_chunk_ownership),multipaper-server-5d4c584f66-7rghg
2025-05-22 06:56:12,2410.0,sum by(owner) (mc_chunk_ownership),multipaper-server-5d4c584f66-7rghg
2025-05-22 06:56:13,2409.0,sum by(owner) (mc_chunk_ownership),multipaper-server-5d4c584f66-7rghg
2025-05-22 06:56:14,2406.0,sum by(owner) (mc_chunk_ownership),multipaper-server-5d4c584f66-7rghg
2025-05-22 06:56:15,2406.0,sum by(owner) (mc_chunk_ownership),multipaper-server-5d4c584f66-7rghg
2025-05-22 06:56:16,2390.0,sum by(owner) (mc_chunk_ownership),multipaper-server-5d4c584f66-7rghg
2025-05-22 06:56:17,2430.0,sum by(owner) (mc_chunk_ownership),multipaper-server-5d4c584f66-7rghg
2025-05-22 06:56:18,2457.0,sum by(owner) (mc_chunk_ownership),multipaper-server-5d4c584f66-7rghg
2025-05-22 06:56:19,2460.0,sum by(owner) (mc_chunk_ownership),multipaper-server-5d4c584f66-7rghg
2025-05-22 06:56:20,2469.0,sum by(owner) (mc_chunk_ownership),multipaper-server-5d4c584f66-7rghg
2025-05-22 06:56:21,2464.0,sum by(owner) (mc_chunk_ownership),multipaper-server-5d4c584f66-7rghg
2025-05-22 06:56:22,2468.0,sum by(owner) (mc_chunk_ownership),multipaper-server-5d4c584f66-7rghg
2025-05-22 06:56:23,2507.0,sum by(owner) (mc_chunk_ownership),multipaper-server-5d4c584f66-7rghg
2025-05-22 06:56:24,2489.0,sum by(owner) (mc_chunk_ownership),multipaper-server-5d4c584f66-7rghg
2025-05-22 06:56:25,2478.0,sum by(owner) (mc_chunk_ownership),multipaper-server-5d4c584f66-7rghg
2025-05-22 06:56:26,2480.0,sum by(owner) (mc_chunk_ownership),multipaper-server-5d4c584f66-7rghg
2025-05-22 06:56:27,2534.0,sum by(owner) (mc_chunk_ownership),multipaper-server-5d4c584f66-7rghg
2025-05-22 06:56:28,2502.0,sum by(owner) (mc_chunk_ownership),multipaper-server-5d4c584f66-7rghg
2025-05-22 06:56:29,2498.0,sum by(owner) (mc_chunk_ownership),multipaper-server-5d4c584f66-7rghg
2025-05-22 06:56:30,2504.0,sum by(owner) (mc_chunk_ownership),multipaper-server-5d4c584f66-7rghg
2025-05-22 06:56:31,2505.0,sum by(owner) (mc_chunk_ownership),multipaper-server-5d4c584f66-7rghg
2025-05-22 06:56:32,2561.0,sum by(owner) (mc_chunk_ownership),multipaper-server-5d4c584f66-7rghg
2025-05-22 06:56:33,2571.0,sum by(owner) (mc_chunk_ownership),multipaper-server-5d4c584f66-7rghg
2025-05-22 06:56:34,2577.0,sum by(owner) (mc_chunk_ownership),multipaper-server-5d4c584f66-7rghg
2025-05-22 06:56:35,2582.0,sum by(owner) (mc_chunk_ownership),multipaper-server-5d4c584f66-7rghg
2025-05-22 06:56:36,2569.0,sum by(owner) (mc_chunk_ownership),multipaper-server-5d4c584f66-7rghg
2025-05-22 06:56:37,2580.0,sum by(owner) (mc_chunk_ownership),multipaper-server-5d4c584f66-7rghg
2025-05-22 06:56:38,2602.0,sum by(owner) (mc_chunk_ownership),multipaper-server-5d4c584f66-7rghg
2025-05-22 06:56:39,2611.0,sum by(owner) (mc_chunk_ownership),multipaper-server-5d4c584f66-7rghg
2025-05-22 06:56:40,2602.0,sum by(owner) (mc_chunk_ownership),multipaper-server-5d4c584f66-7rghg
2025-05-22 06:56:41,2602.0,sum by(owner) (mc_chunk_ownership),multipaper-server-5d4c584f66-7rghg
2025-05-22 06:56:42,2574.0,sum by(owner) (mc_chunk_ownership),multipaper-server-5d4c584f66-7rghg
2025-05-22 06:56:43,2615.0,sum by(owner) (mc_chunk_ownership),multipaper-server-5d4c584f66-7rghg
2025-05-22 06:56:44,2626.0,sum by(owner) (mc_chunk_ownership),multipaper-server-5d4c584f66-7rghg
2025-05-22 06:56:45,2610.0,sum by(owner) (mc_chunk_ownership),multipaper-server-5d4c584f66-7rghg
2025-05-22 06:56:46,2610.0,sum by(owner) (mc_chunk_ownership),multipaper-server-5d4c584f66-7rghg
2025-05-22 06:56:47,2614.0,sum by(owner) (mc_chunk_ownership),multipaper-server-5d4c584f66-7rghg
2025-05-22 06:56:48,2604.0,sum by(owner) (mc_chunk_ownership),multipaper-server-5d4c584f66-7rghg
2025-05-22 06:56:49,2604.0,sum by(owner) (mc_chunk_ownership),multipaper-server-5d4c584f66-7rghg
2025-05-22 06:56:50,2606.0,sum by(owner) (mc_chunk_ownership),multipaper-server-5d4c584f66-7rghg
2025-05-22 06:56:51,2593.0,sum by(owner) (mc_chunk_ownership),multipaper-server-5d4c584f66-7rghg
2025-05-22 06:56:52,2600.0,sum by(owner) (mc_chunk_ownership),multipaper-server-5d4c584f66-7rghg
2025-05-22 06:56:53,2612.0,sum by(owner) (mc_chunk_ownership),multipaper-server-5d4c584f66-7rghg
2025-05-22 06:56:54,2629.0,sum by(owner) (mc_chunk_ownership),multipaper-server-5d4c584f66-7rghg
2025-05-22 06:56:55,2646.0,sum by(owner) (mc_chunk_ownership),multipaper-server-5d4c584f66-7rghg
2025-05-22 06:56:56,2625.0,sum by(owner) (mc_chunk_ownership),multipaper-server-5d4c584f66-7rghg
2025-05-22 06:56:57,2634.0,sum by(owner) (mc_chunk_ownership),multipaper-server-5d4c584f66-7rghg
2025-05-22 06:56:58,2619.0,sum by(owner) (mc_chunk_ownership),multipaper-server-5d4c584f66-7rghg
2025-05-22 06:56:59,2637.0,sum by(owner) (mc_chunk_ownership),multipaper-server-5d4c584f66-7rghg
2025-05-22 06:57:00,2646.0,sum by(owner) (mc_chunk_ownership),multipaper-server-5d4c584f66-7rghg
2025-05-22 06:57:01,2656.0,sum by(owner) (mc_chunk_ownership),multipaper-server-5d4c584f66-7rghg
2025-05-22 06:57:02,2652.0,sum by(owner) (mc_chunk_ownership),multipaper-server-5d4c584f66-7rghg
2025-05-22 06:57:03,2672.0,sum by(owner) (mc_chunk_ownership),multipaper-server-5d4c584f66-7rghg
2025-05-22 06:57:04,2684.0,sum by(owner) (mc_chunk_ownership),multipaper-server-5d4c584f66-7rghg
2025-05-22 06:57:05,2713.0,sum by(owner) (mc_chunk_ownership),multipaper-server-5d4c584f66-7rghg
2025-05-22 06:57:06,2709.0,sum by(owner) (mc_chunk_ownership),multipaper-server-5d4c584f66-7rghg
2025-05-22 06:57:07,2727.0,sum by(owner) (mc_chunk_ownership),multipaper-server-5d4c584f66-7rghg
2025-05-22 06:57:08,2730.0,sum by(owner) (mc_chunk_ownership),multipaper-server-5d4c584f66-7rghg
2025-05-22 06:57:09,2743.0,sum by(owner) (mc_chunk_ownership),multipaper-server-5d4c584f66-7rghg
2025-05-22 06:57:10,2760.0,sum by(owner) (mc_chunk_ownership),multipaper-server-5d4c584f66-7rghg
2025-05-22 06:57:11,2763.0,sum by(owner) (mc_chunk_ownership),multipaper-server-5d4c584f66-7rghg
2025-05-22 06:57:12,2772.0,sum by(owner) (mc_chunk_ownership),multipaper-server-5d4c584f66-7rghg
2025-05-22 06:57:13,2775.0,sum by(owner) (mc_chunk_ownership),multipaper-server-5d4c584f66-7rghg
2025-05-22 06:57:14,2808.0,sum by(owner) (mc_chunk_ownership),multipaper-server-5d4c584f66-7rghg
2025-05-22 06:57:15,2829.0,sum by(owner) (mc_chunk_ownership),multipaper-server-5d4c584f66-7rghg
2025-05-22 06:57:16,2819.0,sum by(owner) (mc_chunk_ownership),multipaper-server-5d4c584f66-7rghg
2025-05-22 06:57:17,2812.0,sum by(owner) (mc_chunk_ownership),multipaper-server-5d4c584f66-7rghg
2025-05-22 06:57:18,2799.0,sum by(owner) (mc_chunk_ownership),multipaper-server-5d4c584f66-7rghg
2025-05-22 06:57:19,2797.0,sum by(owner) (mc_chunk_ownership),multipaper-server-5d4c584f66-7rghg
2025-05-22 06:57:20,2800.0,sum by(owner) (mc_chunk_ownership),multipaper-server-5d4c584f66-7rghg
2025-05-22 06:57:21,2823.0,sum by(owner) (mc_chunk_ownership),multipaper-server-5d4c584f66-7rghg
2025-05-22 06:57:22,2837.0,sum by(owner) (mc_chunk_ownership),multipaper-server-5d4c584f66-7rghg
2025-05-22 06:57:23,2866.0,sum by(owner) (mc_chunk_ownership),multipaper-server-5d4c584f66-7rghg
2025-05-22 06:57:24,2879.0,sum by(owner) (mc_chunk_ownership),multipaper-server-5d4c584f66-7rghg
2025-05-22 06:57:25,2898.0,sum by(owner) (mc_chunk_ownership),multipaper-server-5d4c584f66-7rghg
2025-05-22 06:57:26,2910.0,sum by(owner) (mc_chunk_ownership),multipaper-server-5d4c584f66-7rghg
2025-05-22 06:57:27,2898.0,sum by(owner) (mc_chunk_ownership),multipaper-server-5d4c584f66-7rghg
2025-05-22 06:57:28,2890.0,sum by(owner) (mc_chunk_ownership),multipaper-server-5d4c584f66-7rghg
2025-05-22 06:57:29,2919.0,sum by(owner) (mc_chunk_ownership),multipaper-server-5d4c584f66-7rghg
2025-05-22 06:57:30,2937.0,sum by(owner) (mc_chunk_ownership),multipaper-server-5d4c584f66-7rghg
2025-05-22 06:57:31,2947.0,sum by(owner) (mc_chunk_ownership),multipaper-server-5d4c584f66-7rghg
2025-05-22 06:57:32,2936.0,sum by(owner) (mc_chunk_ownership),multipaper-server-5d4c584f66-7rghg
2025-05-22 06:57:33,2939.0,sum by(owner) (mc_chunk_ownership),multipaper-server-5d4c584f66-7rghg
2025-05-22 06:57:34,2951.0,sum by(owner) (mc_chunk_ownership),multipaper-server-5d4c584f66-7rghg
2025-05-22 06:57:35,2972.0,sum by(owner) (mc_chunk_ownership),multipaper-server-5d4c584f66-7rghg
2025-05-22 06:57:36,2972.0,sum by(owner) (mc_chunk_ownership),multipaper-server-5d4c584f66-7rghg
2025-05-22 06:57:37,2965.0,sum by(owner) (mc_chunk_ownership),multipaper-server-5d4c584f66-7rghg
2025-05-22 06:57:38,2963.0,sum by(owner) (mc_chunk_ownership),multipaper-server-5d4c584f66-7rghg
2025-05-22 06:57:39,2984.0,sum by(owner) (mc_chunk_ownership),multipaper-server-5d4c584f66-7rghg
2025-05-22 06:57:40,3003.0,sum by(owner) (mc_chunk_ownership),multipaper-server-5d4c584f66-7rghg
2025-05-22 06:57:41,3019.0,sum by(owner) (mc_chunk_ownership),multipaper-server-5d4c584f66-7rghg
2025-05-22 06:57:42,2998.0,sum by(owner) (mc_chunk_ownership),multipaper-server-5d4c584f66-7rghg
2025-05-22 06:57:43,2996.0,sum by(owner) (mc_chunk_ownership),multipaper-server-5d4c584f66-7rghg
2025-05-22 06:57:44,2973.0,sum by(owner) (mc_chunk_ownership),multipaper-server-5d4c584f66-7rghg
2025-05-22 06:57:45,2994.0,sum by(owner) (mc_chunk_ownership),multipaper-server-5d4c584f66-7rghg
2025-05-22 06:57:46,3031.0,sum by(owner) (mc_chunk_ownership),multipaper-server-5d4c584f66-7rghg
2025-05-22 06:57:47,3027.0,sum by(owner) (mc_chunk_ownership),multipaper-server-5d4c584f66-7rghg
2025-05-22 06:57:48,3049.0,sum by(owner) (mc_chunk_ownership),multipaper-server-5d4c584f66-7rghg
2025-05-22 06:57:49,3037.0,sum by(owner) (mc_chunk_ownership),multipaper-server-5d4c584f66-7rghg
2025-05-22 06:57:50,3040.0,sum by(owner) (mc_chunk_ownership),multipaper-server-5d4c584f66-7rghg
2025-05-22 06:57:51,3082.0,sum by(owner) (mc_chunk_ownership),multipaper-server-5d4c584f66-7rghg
2025-05-22 06:57:52,3043.0,sum by(owner) (mc_chunk_ownership),multipaper-server-5d4c584f66-7rghg
2025-05-22 06:57:53,3057.0,sum by(owner) (mc_chunk_ownership),multipaper-server-5d4c584f66-7rghg
2025-05-22 06:57:54,3030.0,sum by(owner) (mc_chunk_ownership),multipaper-server-5d4c584f66-7rghg
2025-05-22 06:57:55,3039.0,sum by(owner) (mc_chunk_ownership),multipaper-server-5d4c584f66-7rghg
2025-05-22 06:57:56,3070.0,sum by(owner) (mc_chunk_ownership),multipaper-server-5d4c584f66-7rghg
2025-05-22 06:57:57,3068.0,sum by(owner) (mc_chunk_ownership),multipaper-server-5d4c584f66-7rghg
2025-05-22 06:57:58,3039.0,sum by(owner) (mc_chunk_ownership),multipaper-server-5d4c584f66-7rghg
2025-05-22 06:57:59,3047.0,sum by(owner) (mc_chunk_ownership),multipaper-server-5d4c584f66-7rghg
2025-05-22 06:58:00,3014.0,sum by(owner) (mc_chunk_ownership),multipaper-server-5d4c584f66-7rghg
2025-05-22 06:58:01,3012.0,sum by(owner) (mc_chunk_ownership),multipaper-server-5d4c584f66-7rghg
2025-05-22 06:58:02,3048.0,sum by(owner) (mc_chunk_ownership),multipaper-server-5d4c584f66-7rghg
2025-05-22 06:58:03,3020.0,sum by(owner) (mc_chunk_ownership),multipaper-server-5d4c584f66-7rghg
2025-05-22 06:58:04,3014.0,sum by(owner) (mc_chunk_ownership),multipaper-server-5d4c584f66-7rghg
2025-05-22 06:58:05,3002.0,sum by(owner) (mc_chunk_ownership),multipaper-server-5d4c584f66-7rghg
2025-05-22 06:58:06,2992.0,sum by(owner) (mc_chunk_ownership),multipaper-server-5d4c584f66-7rghg
2025-05-22 06:58:07,2997.0,sum by(owner) (mc_chunk_ownership),multipaper-server-5d4c584f66-7rghg
2025-05-22 06:58:08,2974.0,sum by(owner) (mc_chunk_ownership),multipaper-server-5d4c584f66-7rghg
2025-05-22 06:58:09,2980.0,sum by(owner) (mc_chunk_ownership),multipaper-server-5d4c584f66-7rghg
2025-05-22 06:58:10,2967.0,sum by(owner) (mc_chunk_ownership),multipaper-server-5d4c584f66-7rghg
2025-05-22 06:58:11,2950.0,sum by(owner) (mc_chunk_ownership),multipaper-server-5d4c584f66-7rghg
2025-05-22 06:58:12,2964.0,sum by(owner) (mc_chunk_ownership),multipaper-server-5d4c584f66-7rghg
2025-05-22 06:58:13,2954.0,sum by(owner) (mc_chunk_ownership),multipaper-server-5d4c584f66-7rghg
2025-05-22 06:58:14,2957.0,sum by(owner) (mc_chunk_ownership),multipaper-server-5d4c584f66-7rghg
2025-05-22 06:58:15,2927.0,sum by(owner) (mc_chunk_ownership),multipaper-server-5d4c584f66-7rghg
2025-05-22 06:58:16,2898.0,sum by(owner) (mc_chunk_ownership),multipaper-server-5d4c584f66-7rghg
2025-05-22 06:58:17,2916.0,sum by(owner) (mc_chunk_ownership),multipaper-server-5d4c584f66-7rghg
2025-05-22 06:58:18,2892.0,sum by(owner) (mc_chunk_ownership),multipaper-server-5d4c584f66-7rghg
2025-05-22 06:58:19,2885.0,sum by(owner) (mc_chunk_ownership),multipaper-server-5d4c584f66-7rghg
2025-05-22 06:58:20,2902.0,sum by(owner) (mc_chunk_ownership),multipaper-server-5d4c584f66-7rghg
2025-05-22 06:58:21,2903.0,sum by(owner) (mc_chunk_ownership),multipaper-server-5d4c584f66-7rghg
2025-05-22 06:58:22,2904.0,sum by(owner) (mc_chunk_ownership),multipaper-server-5d4c584f66-7rghg
2025-05-22 06:58:23,2888.0,sum by(owner) (mc_chunk_ownership),multipaper-server-5d4c584f66-7rghg
2025-05-22 06:58:24,2831.0,sum by(owner) (mc_chunk_ownership),multipaper-server-5d4c584f66-7rghg
2025-05-22 06:58:25,2844.0,sum by(owner) (mc_chunk_ownership),multipaper-server-5d4c584f66-7rghg
2025-05-22 06:58:26,2838.0,sum by(owner) (mc_chunk_ownership),multipaper-server-5d4c584f66-7rghg
2025-05-22 06:58:27,2870.0,sum by(owner) (mc_chunk_ownership),multipaper-server-5d4c584f66-7rghg
2025-05-22 06:58:28,2853.0,sum by(owner) (mc_chunk_ownership),multipaper-server-5d4c584f66-7rghg
2025-05-22 06:58:29,2852.0,sum by(owner) (mc_chunk_ownership),multipaper-server-5d4c584f66-7rghg
2025-05-22 06:58:30,2842.0,sum by(owner) (mc_chunk_ownership),multipaper-server-5d4c584f66-7rghg
2025-05-22 06:58:31,2810.0,sum by(owner) (mc_chunk_ownership),multipaper-server-5d4c584f66-7rghg
2025-05-22 06:58:32,2766.0,sum by(owner) (mc_chunk_ownership),multipaper-server-5d4c584f66-7rghg
2025-05-22 06:58:33,2731.0,sum by(owner) (mc_chunk_ownership),multipaper-server-5d4c584f66-7rghg
2025-05-22 06:58:34,2714.0,sum by(owner) (mc_chunk_ownership),multipaper-server-5d4c584f66-7rghg
2025-05-22 06:58:35,2714.0,sum by(owner) (mc_chunk_ownership),multipaper-server-5d4c584f66-7rghg
2025-05-22 06:51:00,41.0,sum by(owner) (mc_chunk_ownership),multipaper-server-5d4c584f66-rgslp
2025-05-22 06:51:01,139.0,sum by(owner) (mc_chunk_ownership),multipaper-server-5d4c584f66-rgslp
2025-05-22 06:51:02,267.0,sum by(owner) (mc_chunk_ownership),multipaper-server-5d4c584f66-rgslp
2025-05-22 06:51:03,467.0,sum by(owner) (mc_chunk_ownership),multipaper-server-5d4c584f66-rgslp
2025-05-22 06:51:04,699.0,sum by(owner) (mc_chunk_ownership),multipaper-server-5d4c584f66-rgslp
2025-05-22 06:51:05,951.0,sum by(owner) (mc_chunk_ownership),multipaper-server-5d4c584f66-rgslp
2025-05-22 06:51:06,1161.0,sum by(owner) (mc_chunk_ownership),multipaper-server-5d4c584f66-rgslp
2025-05-22 06:51:07,1337.0,sum by(owner) (mc_chunk_ownership),multipaper-server-5d4c584f66-rgslp
2025-05-22 06:51:08,1478.0,sum by(owner) (mc_chunk_ownership),multipaper-server-5d4c584f66-rgslp
2025-05-22 06:51:09,1588.0,sum by(owner) (mc_chunk_ownership),multipaper-server-5d4c584f66-rgslp
2025-05-22 06:51:10,1673.0,sum by(owner) (mc_chunk_ownership),multipaper-server-5d4c584f66-rgslp
2025-05-22 06:51:11,1771.0,sum by(owner) (mc_chunk_ownership),multipaper-server-5d4c584f66-rgslp
2025-05-22 06:51:12,1825.0,sum by(owner) (mc_chunk_ownership),multipaper-server-5d4c584f66-rgslp
2025-05-22 06:51:13,1861.0,sum by(owner) (mc_chunk_ownership),multipaper-server-5d4c584f66-rgslp
2025-05-22 06:51:14,1855.0,sum by(owner) (mc_chunk_ownership),multipaper-server-5d4c584f66-rgslp
2025-05-22 06:51:15,1807.0,sum by(owner) (mc_chunk_ownership),multipaper-server-5d4c584f66-rgslp
2025-05-22 06:51:16,1846.0,sum by(owner) (mc_chunk_ownership),multipaper-server-5d4c584f66-rgslp
2025-05-22 06:51:17,1838.0,sum by(owner) (mc_chunk_ownership),multipaper-server-5d4c584f66-rgslp
2025-05-22 06:51:18,1839.0,sum by(owner) (mc_chunk_ownership),multipaper-server-5d4c584f66-rgslp
2025-05-22 06:51:19,1831.0,sum by(owner) (mc_chunk_ownership),multipaper-server-5d4c584f66-rgslp
2025-05-22 06:51:20,1811.0,sum by(owner) (mc_chunk_ownership),multipaper-server-5d4c584f66-rgslp
2025-05-22 06:51:21,1802.0,sum by(owner) (mc_chunk_ownership),multipaper-server-5d4c584f66-rgslp
2025-05-22 06:51:22,1792.0,sum by(owner) (mc_chunk_ownership),multipaper-server-5d4c584f66-rgslp
2025-05-22 06:51:23,1792.0,sum by(owner) (mc_chunk_ownership),multipaper-server-5d4c584f66-rgslp
2025-05-22 06:51:24,1772.0,sum by(owner) (mc_chunk_ownership),multipaper-server-5d4c584f66-rgslp
2025-05-22 06:51:25,1792.0,sum by(owner) (mc_chunk_ownership),multipaper-server-5d4c584f66-rgslp
2025-05-22 06:51:26,1795.0,sum by(owner) (mc_chunk_ownership),multipaper-server-5d4c584f66-rgslp
2025-05-22 06:51:27,1762.0,sum by(owner) (mc_chunk_ownership),multipaper-server-5d4c584f66-rgslp
2025-05-22 06:51:28,1743.0,sum by(owner) (mc_chunk_ownership),multipaper-server-5d4c584f66-rgslp
2025-05-22 06:51:29,1743.0,sum by(owner) (mc_chunk_ownership),multipaper-server-5d4c584f66-rgslp
2025-05-22 06:51:30,1751.0,sum by(owner) (mc_chunk_ownership),multipaper-server-5d4c584f66-rgslp
2025-05-22 06:51:31,1752.0,sum by(owner) (mc_chunk_ownership),multipaper-server-5d4c584f66-rgslp
2025-05-22 06:51:32,1736.0,sum by(owner) (mc_chunk_ownership),multipaper-server-5d4c584f66-rgslp
2025-05-22 06:51:33,1736.0,sum by(owner) (mc_chunk_ownership),multipaper-server-5d4c584f66-rgslp
2025-05-22 06:51:34,1735.0,sum by(owner) (mc_chunk_ownership),multipaper-server-5d4c584f66-rgslp
2025-05-22 06:51:35,1701.0,sum by(owner) (mc_chunk_ownership),multipaper-server-5d4c584f66-rgslp
2025-05-22 06:51:36,1703.0,sum by(owner) (mc_chunk_ownership),multipaper-server-5d4c584f66-rgslp
2025-05-22 06:51:37,1713.0,sum by(owner) (mc_chunk_ownership),multipaper-server-5d4c584f66-rgslp
2025-05-22 06:51:38,1717.0,sum by(owner) (mc_chunk_ownership),multipaper-server-5d4c584f66-rgslp
2025-05-22 06:51:39,1694.0,sum by(owner) (mc_chunk_ownership),multipaper-server-5d4c584f66-rgslp
2025-05-22 06:51:40,1688.0,sum by(owner) (mc_chunk_ownership),multipaper-server-5d4c584f66-rgslp
2025-05-22 06:51:41,1681.0,sum by(owner) (mc_chunk_ownership),multipaper-server-5d4c584f66-rgslp
2025-05-22 06:51:42,1723.0,sum by(owner) (mc_chunk_ownership),multipaper-server-5d4c584f66-rgslp
2025-05-22 06:51:43,1723.0,sum by(owner) (mc_chunk_ownership),multipaper-server-5d4c584f66-rgslp
2025-05-22 06:51:44,1706.0,sum by(owner) (mc_chunk_ownership),multipaper-server-5d4c584f66-rgslp
2025-05-22 06:51:45,1673.0,sum by(owner) (mc_chunk_ownership),multipaper-server-5d4c584f66-rgslp
2025-05-22 06:51:46,1688.0,sum by(owner) (mc_chunk_ownership),multipaper-server-5d4c584f66-rgslp
2025-05-22 06:51:47,1658.0,sum by(owner) (mc_chunk_ownership),multipaper-server-5d4c584f66-rgslp
2025-05-22 06:51:48,1660.0,sum by(owner) (mc_chunk_ownership),multipaper-server-5d4c584f66-rgslp
2025-05-22 06:51:49,1660.0,sum by(owner) (mc_chunk_ownership),multipaper-server-5d4c584f66-rgslp
2025-05-22 06:51:50,1640.0,sum by(owner) (mc_chunk_ownership),multipaper-server-5d4c584f66-rgslp
2025-05-22 06:51:51,1659.0,sum by(owner) (mc_chunk_ownership),multipaper-server-5d4c584f66-rgslp
2025-05-22 06:51:52,1665.0,sum by(owner) (mc_chunk_ownership),multipaper-server-5d4c584f66-rgslp
2025-05-22 06:51:53,1663.0,sum by(owner) (mc_chunk_ownership),multipaper-server-5d4c584f66-rgslp
2025-05-22 06:51:54,1663.0,sum by(owner) (mc_chunk_ownership),multipaper-server-5d4c584f66-rgslp
2025-05-22 06:51:55,1655.0,sum by(owner) (mc_chunk_ownership),multipaper-server-5d4c584f66-rgslp
2025-05-22 06:51:56,1657.0,sum by(owner) (mc_chunk_ownership),multipaper-server-5d4c584f66-rgslp
2025-05-22 06:51:57,1674.0,sum by(owner) (mc_chunk_ownership),multipaper-server-5d4c584f66-rgslp
2025-05-22 06:51:58,1701.0,sum by(owner) (mc_chunk_ownership),multipaper-server-5d4c584f66-rgslp
2025-05-22 06:51:59,1696.0,sum by(owner) (mc_chunk_ownership),multipaper-server-5d4c584f66-rgslp
2025-05-22 06:52:00,1711.0,sum by(owner) (mc_chunk_ownership),multipaper-server-5d4c584f66-rgslp
2025-05-22 06:52:01,1716.0,sum by(owner) (mc_chunk_ownership),multipaper-server-5d4c584f66-rgslp
2025-05-22 06:52:02,1726.0,sum by(owner) (mc_chunk_ownership),multipaper-server-5d4c584f66-rgslp
2025-05-22 06:52:03,1726.0,sum by(owner) (mc_chunk_ownership),multipaper-server-5d4c584f66-rgslp
2025-05-22 06:52:04,1716.0,sum by(owner) (mc_chunk_ownership),multipaper-server-5d4c584f66-rgslp
2025-05-22 06:52:05,1727.0,sum by(owner) (mc_chunk_ownership),multipaper-server-5d4c584f66-rgslp
2025-05-22 06:52:06,1746.0,sum by(owner) (mc_chunk_ownership),multipaper-server-5d4c584f66-rgslp
2025-05-22 06:52:07,1758.0,sum by(owner) (mc_chunk_ownership),multipaper-server-5d4c584f66-rgslp
2025-05-22 06:52:08,1776.0,sum by(owner) (mc_chunk_ownership),multipaper-server-5d4c584f66-rgslp
2025-05-22 06:52:09,1772.0,sum by(owner) (mc_chunk_ownership),multipaper-server-5d4c584f66-rgslp
2025-05-22 06:52:10,1783.0,sum by(owner) (mc_chunk_ownership),multipaper-server-5d4c584f66-rgslp
2025-05-22 06:52:11,1799.0,sum by(owner) (mc_chunk_ownership),multipaper-server-5d4c584f66-rgslp
2025-05-22 06:52:12,1814.0,sum by(owner) (mc_chunk_ownership),multipaper-server-5d4c584f66-rgslp
2025-05-22 06:52:13,1814.0,sum by(owner) (mc_chunk_ownership),multipaper-server-5d4c584f66-rgslp
2025-05-22 06:52:14,1814.0,sum by(owner) (mc_chunk_ownership),multipaper-server-5d4c584f66-rgslp
2025-05-22 06:52:15,1815.0,sum by(owner) (mc_chunk_ownership),multipaper-server-5d4c584f66-rgslp
2025-05-22 06:52:16,1862.0,sum by(owner) (mc_chunk_ownership),multipaper-server-5d4c584f66-rgslp
2025-05-22 06:52:17,1861.0,sum by(owner) (mc_chunk_ownership),multipaper-server-5d4c584f66-rgslp
2025-05-22 06:52:18,1861.0,sum by(owner) (mc_chunk_ownership),multipaper-server-5d4c584f66-rgslp
2025-05-22 06:52:19,1855.0,sum by(owner) (mc_chunk_ownership),multipaper-server-5d4c584f66-rgslp
2025-05-22 06:52:20,1877.0,sum by(owner) (mc_chunk_ownership),multipaper-server-5d4c584f66-rgslp
2025-05-22 06:52:21,1877.0,sum by(owner) (mc_chunk_ownership),multipaper-server-5d4c584f66-rgslp
2025-05-22 06:52:22,1908.0,sum by(owner) (mc_chunk_ownership),multipaper-server-5d4c584f66-rgslp
2025-05-22 06:52:23,1908.0,sum by(owner) (mc_chunk_ownership),multipaper-server-5d4c584f66-rgslp
2025-05-22 06:52:24,1904.0,sum by(owner) (mc_chunk_ownership),multipaper-server-5d4c584f66-rgslp
2025-05-22 06:52:25,1910.0,sum by(owner) (mc_chunk_ownership),multipaper-server-5d4c584f66-rgslp
2025-05-22 06:52:26,1906.0,sum by(owner) (mc_chunk_ownership),multipaper-server-5d4c584f66-rgslp
2025-05-22 06:52:27,1963.0,sum by(owner) (mc_chunk_ownership),multipaper-server-5d4c584f66-rgslp
2025-05-22 06:52:28,2028.0,sum by(owner) (mc_chunk_ownership),multipaper-server-5d4c584f66-rgslp
2025-05-22 06:52:29,2103.0,sum by(owner) (mc_chunk_ownership),multipaper-server-5d4c584f66-rgslp
2025-05-22 06:52:30,2149.0,sum by(owner) (mc_chunk_ownership),multipaper-server-5d4c584f66-rgslp
2025-05-22 06:52:31,2234.0,sum by(owner) (mc_chunk_ownership),multipaper-server-5d4c584f66-rgslp
2025-05-22 06:52:32,2282.0,sum by(owner) (mc_chunk_ownership),multipaper-server-5d4c584f66-rgslp
2025-05-22 06:52:33,2301.0,sum by(owner) (mc_chunk_ownership),multipaper-server-5d4c584f66-rgslp
2025-05-22 06:52:34,2280.0,sum by(owner) (mc_chunk_ownership),multipaper-server-5d4c584f66-rgslp
2025-05-22 06:52:35,2290.0,sum by(owner) (mc_chunk_ownership),multipaper-server-5d4c584f66-rgslp
2025-05-22 06:52:36,2278.0,sum by(owner) (mc_chunk_ownership),multipaper-server-5d4c584f66-rgslp
2025-05-22 06:52:37,2287.0,sum by(owner) (mc_chunk_ownership),multipaper-server-5d4c584f66-rgslp
2025-05-22 06:52:38,2299.0,sum by(owner) (mc_chunk_ownership),multipaper-server-5d4c584f66-rgslp
2025-05-22 06:52:39,2265.0,sum by(owner) (mc_chunk_ownership),multipaper-server-5d4c584f66-rgslp
2025-05-22 06:52:40,2271.0,sum by(owner) (mc_chunk_ownership),multipaper-server-5d4c584f66-rgslp
2025-05-22 06:52:41,2260.0,sum by(owner) (mc_chunk_ownership),multipaper-server-5d4c584f66-rgslp
2025-05-22 06:52:42,2262.0,sum by(owner) (mc_chunk_ownership),multipaper-server-5d4c584f66-rgslp
2025-05-22 06:52:43,2276.0,sum by(owner) (mc_chunk_ownership),multipaper-server-5d4c584f66-rgslp
2025-05-22 06:52:44,2285.0,sum by(owner) (mc_chunk_ownership),multipaper-server-5d4c584f66-rgslp
2025-05-22 06:52:45,2317.0,sum by(owner) (mc_chunk_ownership),multipaper-server-5d4c584f66-rgslp
2025-05-22 06:52:46,2312.0,sum by(owner) (mc_chunk_ownership),multipaper-server-5d4c584f66-rgslp
2025-05-22 06:52:47,2290.0,sum by(owner) (mc_chunk_ownership),multipaper-server-5d4c584f66-rgslp
2025-05-22 06:52:48,2334.0,sum by(owner) (mc_chunk_ownership),multipaper-server-5d4c584f66-rgslp
2025-05-22 06:52:49,2389.0,sum by(owner) (mc_chunk_ownership),multipaper-server-5d4c584f66-rgslp
2025-05-22 06:52:50,2436.0,sum by(owner) (mc_chunk_ownership),multipaper-server-5d4c584f66-rgslp
2025-05-22 06:52:51,2437.0,sum by(owner) (mc_chunk_ownership),multipaper-server-5d4c584f66-rgslp
2025-05-22 06:52:52,2465.0,sum by(owner) (mc_chunk_ownership),multipaper-server-5d4c584f66-rgslp
2025-05-22 06:52:53,2491.0,sum by(owner) (mc_chunk_ownership),multipaper-server-5d4c584f66-rgslp
2025-05-22 06:52:54,2502.0,sum by(owner) (mc_chunk_ownership),multipaper-server-5d4c584f66-rgslp
2025-05-22 06:52:55,2541.0,sum by(owner) (mc_chunk_ownership),multipaper-server-5d4c584f66-rgslp
2025-05-22 06:52:56,2541.0,sum by(owner) (mc_chunk_ownership),multipaper-server-5d4c584f66-rgslp
2025-05-22 06:52:57,2595.0,sum by(owner) (mc_chunk_ownership),multipaper-server-5d4c584f66-rgslp
2025-05-22 06:52:58,2634.0,sum by(owner) (mc_chunk_ownership),multipaper-server-5d4c584f66-rgslp
2025-05-22 06:52:59,2642.0,sum by(owner) (mc_chunk_ownership),multipaper-server-5d4c584f66-rgslp
2025-05-22 06:53:00,2635.0,sum by(owner) (mc_chunk_ownership),multipaper-server-5d4c584f66-rgslp
2025-05-22 06:53:01,2662.0,sum by(owner) (mc_chunk_ownership),multipaper-server-5d4c584f66-rgslp
2025-05-22 06:53:02,2694.0,sum by(owner) (mc_chunk_ownership),multipaper-server-5d4c584f66-rgslp
2025-05-22 06:53:03,2681.0,sum by(owner) (mc_chunk_ownership),multipaper-server-5d4c584f66-rgslp
2025-05-22 06:53:04,2726.0,sum by(owner) (mc_chunk_ownership),multipaper-server-5d4c584f66-rgslp
2025-05-22 06:53:05,2750.0,sum by(owner) (mc_chunk_ownership),multipaper-server-5d4c584f66-rgslp
2025-05-22 06:53:06,2798.0,sum by(owner) (mc_chunk_ownership),multipaper-server-5d4c584f66-rgslp
2025-05-22 06:53:07,2800.0,sum by(owner) (mc_chunk_ownership),multipaper-server-5d4c584f66-rgslp
2025-05-22 06:53:08,2851.0,sum by(owner) (mc_chunk_ownership),multipaper-server-5d4c584f66-rgslp
2025-05-22 06:53:09,2879.0,sum by(owner) (mc_chunk_ownership),multipaper-server-5d4c584f66-rgslp
2025-05-22 06:53:10,2892.0,sum by(owner) (mc_chunk_ownership),multipaper-server-5d4c584f66-rgslp
2025-05-22 06:53:11,2938.0,sum by(owner) (mc_chunk_ownership),multipaper-server-5d4c584f66-rgslp
2025-05-22 06:53:12,2984.0,sum by(owner) (mc_chunk_ownership),multipaper-server-5d4c584f66-rgslp
2025-05-22 06:53:13,3014.0,sum by(owner) (mc_chunk_ownership),multipaper-server-5d4c584f66-rgslp
2025-05-22 06:53:14,3016.0,sum by(owner) (mc_chunk_ownership),multipaper-server-5d4c584f66-rgslp
2025-05-22 06:53:15,3037.0,sum by(owner) (mc_chunk_ownership),multipaper-server-5d4c584f66-rgslp
2025-05-22 06:53:16,3037.0,sum by(owner) (mc_chunk_ownership),multipaper-server-5d4c584f66-rgslp
2025-05-22 06:53:17,3056.0,sum by(owner) (mc_chunk_ownership),multipaper-server-5d4c584f66-rgslp
2025-05-22 06:53:18,3107.0,sum by(owner) (mc_chunk_ownership),multipaper-server-5d4c584f66-rgslp
2025-05-22 06:53:19,3117.0,sum by(owner) (mc_chunk_ownership),multipaper-server-5d4c584f66-rgslp
2025-05-22 06:53:20,3116.0,sum by(owner) (mc_chunk_ownership),multipaper-server-5d4c584f66-rgslp
2025-05-22 06:53:21,3074.0,sum by(owner) (mc_chunk_ownership),multipaper-server-5d4c584f66-rgslp
2025-05-22 06:53:22,3131.0,sum by(owner) (mc_chunk_ownership),multipaper-server-5d4c584f66-rgslp
2025-05-22 06:53:23,3145.0,sum by(owner) (mc_chunk_ownership),multipaper-server-5d4c584f66-rgslp
2025-05-22 06:53:24,3189.0,sum by(owner) (mc_chunk_ownership),multipaper-server-5d4c584f66-rgslp
2025-05-22 06:53:25,3208.0,sum by(owner) (mc_chunk_ownership),multipaper-server-5d4c584f66-rgslp
2025-05-22 06:53:26,3274.0,sum by(owner) (mc_chunk_ownership),multipaper-server-5d4c584f66-rgslp
2025-05-22 06:53:27,3314.0,sum by(owner) (mc_chunk_ownership),multipaper-server-5d4c584f66-rgslp
2025-05-22 06:53:28,3373.0,sum by(owner) (mc_chunk_ownership),multipaper-server-5d4c584f66-rgslp
2025-05-22 06:53:29,3394.0,sum by(owner) (mc_chunk_ownership),multipaper-server-5d4c584f66-rgslp
2025-05-22 06:53:30,3370.0,sum by(owner) (mc_chunk_ownership),multipaper-server-5d4c584f66-rgslp
2025-05-22 06:53:31,3426.0,sum by(owner) (mc_chunk_ownership),multipaper-server-5d4c584f66-rgslp
2025-05-22 06:53:32,3453.0,sum by(owner) (mc_chunk_ownership),multipaper-server-5d4c584f66-rgslp
2025-05-22 06:53:33,3559.0,sum by(owner) (mc_chunk_ownership),multipaper-server-5d4c584f66-rgslp
2025-05-22 06:53:34,3561.0,sum by(owner) (mc_chunk_ownership),multipaper-server-5d4c584f66-rgslp
2025-05-22 06:53:35,3631.0,sum by(owner) (mc_chunk_ownership),multipaper-server-5d4c584f66-rgslp
2025-05-22 06:53:36,3658.0,sum by(owner) (mc_chunk_ownership),multipaper-server-5d4c584f66-rgslp
2025-05-22 06:53:37,3717.0,sum by(owner) (mc_chunk_ownership),multipaper-server-5d4c584f66-rgslp
2025-05-22 06:53:38,3755.0,sum by(owner) (mc_chunk_ownership),multipaper-server-5d4c584f66-rgslp
2025-05-22 06:53:39,3752.0,sum by(owner) (mc_chunk_ownership),multipaper-server-5d4c584f66-rgslp
2025-05-22 06:53:40,3753.0,sum by(owner) (mc_chunk_ownership),multipaper-server-5d4c584f66-rgslp
2025-05-22 06:53:41,3770.0,sum by(owner) (mc_chunk_ownership),multipaper-server-5d4c584f66-rgslp
2025-05-22 06:53:42,3824.0,sum by(owner) (mc_chunk_ownership),multipaper-server-5d4c584f66-rgslp
2025-05-22 06:53:43,3906.0,sum by(owner) (mc_chunk_ownership),multipaper-server-5d4c584f66-rgslp
2025-05-22 06:53:44,3919.0,sum by(owner) (mc_chunk_ownership),multipaper-server-5d4c584f66-rgslp
2025-05-22 06:53:45,3950.0,sum by(owner) (mc_chunk_ownership),multipaper-server-5d4c584f66-rgslp
2025-05-22 06:53:46,3968.0,sum by(owner) (mc_chunk_ownership),multipaper-server-5d4c584f66-rgslp
2025-05-22 06:53:47,4032.0,sum by(owner) (mc_chunk_ownership),multipaper-server-5d4c584f66-rgslp
2025-05-22 06:53:48,4102.0,sum by(owner) (mc_chunk_ownership),multipaper-server-5d4c584f66-rgslp
2025-05-22 06:53:49,4111.0,sum by(owner) (mc_chunk_ownership),multipaper-server-5d4c584f66-rgslp
2025-05-22 06:53:50,4119.0,sum by(owner) (mc_chunk_ownership),multipaper-server-5d4c584f66-rgslp
2025-05-22 06:53:51,4146.0,sum by(owner) (mc_chunk_ownership),multipaper-server-5d4c584f66-rgslp
2025-05-22 06:53:52,4186.0,sum by(owner) (mc_chunk_ownership),multipaper-server-5d4c584f66-rgslp
2025-05-22 06:53:53,4179.0,sum by(owner) (mc_chunk_ownership),multipaper-server-5d4c584f66-rgslp
2025-05-22 06:53:54,4193.0,sum by(owner) (mc_chunk_ownership),multipaper-server-5d4c584f66-rgslp
2025-05-22 06:53:55,4192.0,sum by(owner) (mc_chunk_ownership),multipaper-server-5d4c584f66-rgslp
2025-05-22 06:53:56,4209.0,sum by(owner) (mc_chunk_ownership),multipaper-server-5d4c584f66-rgslp
2025-05-22 06:53:57,4223.0,sum by(owner) (mc_chunk_ownership),multipaper-server-5d4c584f66-rgslp
2025-05-22 06:53:58,4213.0,sum by(owner) (mc_chunk_ownership),multipaper-server-5d4c584f66-rgslp
2025-05-22 06:53:59,4214.0,sum by(owner) (mc_chunk_ownership),multipaper-server-5d4c584f66-rgslp
2025-05-22 06:54:00,4224.0,sum by(owner) (mc_chunk_ownership),multipaper-server-5d4c584f66-rgslp
2025-05-22 06:54:01,4215.0,sum by(owner) (mc_chunk_ownership),multipaper-server-5d4c584f66-rgslp
2025-05-22 06:54:02,4242.0,sum by(owner) (mc_chunk_ownership),multipaper-server-5d4c584f66-rgslp
2025-05-22 06:54:03,4251.0,sum by(owner) (mc_chunk_ownership),multipaper-server-5d4c584f66-rgslp
2025-05-22 06:54:04,4265.0,sum by(owner) (mc_chunk_ownership),multipaper-server-5d4c584f66-rgslp
2025-05-22 06:54:05,4285.0,sum by(owner) (mc_chunk_ownership),multipaper-server-5d4c584f66-rgslp
2025-05-22 06:54:06,4265.0,sum by(owner) (mc_chunk_ownership),multipaper-server-5d4c584f66-rgslp
2025-05-22 06:54:07,4272.0,sum by(owner) (mc_chunk_ownership),multipaper-server-5d4c584f66-rgslp
2025-05-22 06:54:08,4281.0,sum by(owner) (mc_chunk_ownership),multipaper-server-5d4c584f66-rgslp
2025-05-22 06:54:09,4303.0,sum by(owner) (mc_chunk_ownership),multipaper-server-5d4c584f66-rgslp
2025-05-22 06:54:10,4331.0,sum by(owner) (mc_chunk_ownership),multipaper-server-5d4c584f66-rgslp
2025-05-22 06:54:11,4322.0,sum by(owner) (mc_chunk_ownership),multipaper-server-5d4c584f66-rgslp
2025-05-22 06:54:12,4285.0,sum by(owner) (mc_chunk_ownership),multipaper-server-5d4c584f66-rgslp
2025-05-22 06:54:13,4348.0,sum by(owner) (mc_chunk_ownership),multipaper-server-5d4c584f66-rgslp
2025-05-22 06:54:14,4371.0,sum by(owner) (mc_chunk_ownership),multipaper-server-5d4c584f66-rgslp
2025-05-22 06:54:15,4377.0,sum by(owner) (mc_chunk_ownership),multipaper-server-5d4c584f66-rgslp
2025-05-22 06:54:16,4419.0,sum by(owner) (mc_chunk_ownership),multipaper-server-5d4c584f66-rgslp
2025-05-22 06:54:17,4393.0,sum by(owner) (mc_chunk_ownership),multipaper-server-5d4c584f66-rgslp
2025-05-22 06:54:18,4418.0,sum by(owner) (mc_chunk_ownership),multipaper-server-5d4c584f66-rgslp
2025-05-22 06:54:19,4447.0,sum by(owner) (mc_chunk_ownership),multipaper-server-5d4c584f66-rgslp
2025-05-22 06:54:20,4479.0,sum by(owner) (mc_chunk_ownership),multipaper-server-5d4c584f66-rgslp
2025-05-22 06:54:21,4521.0,sum by(owner) (mc_chunk_ownership),multipaper-server-5d4c584f66-rgslp
2025-05-22 06:54:22,4528.0,sum by(owner) (mc_chunk_ownership),multipaper-server-5d4c584f66-rgslp
2025-05-22 06:54:23,4545.0,sum by(owner) (mc_chunk_ownership),multipaper-server-5d4c584f66-rgslp
2025-05-22 06:54:24,4596.0,sum by(owner) (mc_chunk_ownership),multipaper-server-5d4c584f66-rgslp
2025-05-22 06:54:25,4607.0,sum by(owner) (mc_chunk_ownership),multipaper-server-5d4c584f66-rgslp
2025-05-22 06:54:26,4617.0,sum by(owner) (mc_chunk_ownership),multipaper-server-5d4c584f66-rgslp
2025-05-22 06:54:27,4605.0,sum by(owner) (mc_chunk_ownership),multipaper-server-5d4c584f66-rgslp
2025-05-22 06:54:28,4610.0,sum by(owner) (mc_chunk_ownership),multipaper-server-5d4c584f66-rgslp
2025-05-22 06:54:29,4670.0,sum by(owner) (mc_chunk_ownership),multipaper-server-5d4c584f66-rgslp
2025-05-22 06:54:30,4673.0,sum by(owner) (mc_chunk_ownership),multipaper-server-5d4c584f66-rgslp
2025-05-22 06:54:31,4661.0,sum by(owner) (mc_chunk_ownership),multipaper-server-5d4c584f66-rgslp
2025-05-22 06:54:32,4677.0,sum by(owner) (mc_chunk_ownership),multipaper-server-5d4c584f66-rgslp
2025-05-22 06:54:33,4695.0,sum by(owner) (mc_chunk_ownership),multipaper-server-5d4c584f66-rgslp
2025-05-22 06:54:34,4754.0,sum by(owner) (mc_chunk_ownership),multipaper-server-5d4c584f66-rgslp
2025-05-22 06:54:35,4799.0,sum by(owner) (mc_chunk_ownership),multipaper-server-5d4c584f66-rgslp
2025-05-22 06:54:36,4782.0,sum by(owner) (mc_chunk_ownership),multipaper-server-5d4c584f66-rgslp
2025-05-22 06:54:37,4770.0,sum by(owner) (mc_chunk_ownership),multipaper-server-5d4c584f66-rgslp
2025-05-22 06:54:38,4789.0,sum by(owner) (mc_chunk_ownership),multipaper-server-5d4c584f66-rgslp
2025-05-22 06:54:39,4779.0,sum by(owner) (mc_chunk_ownership),multipaper-server-5d4c584f66-rgslp
2025-05-22 06:54:40,4815.0,sum by(owner) (mc_chunk_ownership),multipaper-server-5d4c584f66-rgslp
2025-05-22 06:54:41,4824.0,sum by(owner) (mc_chunk_ownership),multipaper-server-5d4c584f66-rgslp
2025-05-22 06:54:42,4821.0,sum by(owner) (mc_chunk_ownership),multipaper-server-5d4c584f66-rgslp
2025-05-22 06:54:43,4813.0,sum by(owner) (mc_chunk_ownership),multipaper-server-5d4c584f66-rgslp
2025-05-22 06:54:44,4818.0,sum by(owner) (mc_chunk_ownership),multipaper-server-5d4c584f66-rgslp
2025-05-22 06:54:45,4828.0,sum by(owner) (mc_chunk_ownership),multipaper-server-5d4c584f66-rgslp
2025-05-22 06:54:46,4812.0,sum by(owner) (mc_chunk_ownership),multipaper-server-5d4c584f66-rgslp
2025-05-22 06:54:47,4808.0,sum by(owner) (mc_chunk_ownership),multipaper-server-5d4c584f66-rgslp
2025-05-22 06:54:48,4862.0,sum by(owner) (mc_chunk_ownership),multipaper-server-5d4c584f66-rgslp
2025-05-22 06:54:49,4840.0,sum by(owner) (mc_chunk_ownership),multipaper-server-5d4c584f66-rgslp
2025-05-22 06:54:50,4862.0,sum by(owner) (mc_chunk_ownership),multipaper-server-5d4c584f66-rgslp
2025-05-22 06:54:51,4841.0,sum by(owner) (mc_chunk_ownership),multipaper-server-5d4c584f66-rgslp
2025-05-22 06:54:52,4862.0,sum by(owner) (mc_chunk_ownership),multipaper-server-5d4c584f66-rgslp
2025-05-22 06:54:53,4885.0,sum by(owner) (mc_chunk_ownership),multipaper-server-5d4c584f66-rgslp
2025-05-22 06:54:54,4874.0,sum by(owner) (mc_chunk_ownership),multipaper-server-5d4c584f66-rgslp
2025-05-22 06:54:55,4876.0,sum by(owner) (mc_chunk_ownership),multipaper-server-5d4c584f66-rgslp
2025-05-22 06:54:56,4887.0,sum by(owner) (mc_chunk_ownership),multipaper-server-5d4c584f66-rgslp
2025-05-22 06:54:57,4917.0,sum by(owner) (mc_chunk_ownership),multipaper-server-5d4c584f66-rgslp
2025-05-22 06:54:58,4917.0,sum by(owner) (mc_chunk_ownership),multipaper-server-5d4c584f66-rgslp
2025-05-22 06:54:59,4939.0,sum by(owner) (mc_chunk_ownership),multipaper-server-5d4c584f66-rgslp
2025-05-22 06:55:00,4924.0,sum by(owner) (mc_chunk_ownership),multipaper-server-5d4c584f66-rgslp
2025-05-22 06:55:01,4903.0,sum by(owner) (mc_chunk_ownership),multipaper-server-5d4c584f66-rgslp
2025-05-22 06:55:02,4911.0,sum by(owner) (mc_chunk_ownership),multipaper-server-5d4c584f66-rgslp
2025-05-22 06:55:03,4921.0,sum by(owner) (mc_chunk_ownership),multipaper-server-5d4c584f66-rgslp
2025-05-22 06:55:04,4961.0,sum by(owner) (mc_chunk_ownership),multipaper-server-5d4c584f66-rgslp
2025-05-22 06:55:05,4938.0,sum by(owner) (mc_chunk_ownership),multipaper-server-5d4c584f66-rgslp
2025-05-22 06:55:06,4931.0,sum by(owner) (mc_chunk_ownership),multipaper-server-5d4c584f66-rgslp
2025-05-22 06:55:07,4963.0,sum by(owner) (mc_chunk_ownership),multipaper-server-5d4c584f66-rgslp
2025-05-22 06:55:08,4997.0,sum by(owner) (mc_chunk_ownership),multipaper-server-5d4c584f66-rgslp
2025-05-22 06:55:09,5028.0,sum by(owner) (mc_chunk_ownership),multipaper-server-5d4c584f66-rgslp
2025-05-22 06:55:10,5010.0,sum by(owner) (mc_chunk_ownership),multipaper-server-5d4c584f66-rgslp
2025-05-22 06:55:11,5003.0,sum by(owner) (mc_chunk_ownership),multipaper-server-5d4c584f66-rgslp
2025-05-22 06:55:12,5046.0,sum by(owner) (mc_chunk_ownership),multipaper-server-5d4c584f66-rgslp
2025-05-22 06:55:13,5075.0,sum by(owner) (mc_chunk_ownership),multipaper-server-5d4c584f66-rgslp
2025-05-22 06:55:14,5068.0,sum by(owner) (mc_chunk_ownership),multipaper-server-5d4c584f66-rgslp
2025-05-22 06:55:15,5069.0,sum by(owner) (mc_chunk_ownership),multipaper-server-5d4c584f66-rgslp
2025-05-22 06:55:16,5072.0,sum by(owner) (mc_chunk_ownership),multipaper-server-5d4c584f66-rgslp
2025-05-22 06:55:17,5094.0,sum by(owner) (mc_chunk_ownership),multipaper-server-5d4c584f66-rgslp
2025-05-22 06:55:18,5117.0,sum by(owner) (mc_chunk_ownership),multipaper-server-5d4c584f66-rgslp
2025-05-22 06:55:19,5116.0,sum by(owner) (mc_chunk_ownership),multipaper-server-5d4c584f66-rgslp
2025-05-22 06:55:20,5154.0,sum by(owner) (mc_chunk_ownership),multipaper-server-5d4c584f66-rgslp
2025-05-22 06:55:21,5151.0,sum by(owner) (mc_chunk_ownership),multipaper-server-5d4c584f66-rgslp
2025-05-22 06:55:22,5154.0,sum by(owner) (mc_chunk_ownership),multipaper-server-5d4c584f66-rgslp
2025-05-22 06:55:23,5166.0,sum by(owner) (mc_chunk_ownership),multipaper-server-5d4c584f66-rgslp
2025-05-22 06:55:24,5191.0,sum by(owner) (mc_chunk_ownership),multipaper-server-5d4c584f66-rgslp
2025-05-22 06:55:25,5194.0,sum by(owner) (mc_chunk_ownership),multipaper-server-5d4c584f66-rgslp
2025-05-22 06:55:26,5228.0,sum by(owner) (mc_chunk_ownership),multipaper-server-5d4c584f66-rgslp
2025-05-22 06:55:27,5214.0,sum by(owner) (mc_chunk_ownership),multipaper-server-5d4c584f66-rgslp
2025-05-22 06:55:28,5198.0,sum by(owner) (mc_chunk_ownership),multipaper-server-5d4c584f66-rgslp
2025-05-22 06:55:29,5244.0,sum by(owner) (mc_chunk_ownership),multipaper-server-5d4c584f66-rgslp
2025-05-22 06:55:30,5230.0,sum by(owner) (mc_chunk_ownership),multipaper-server-5d4c584f66-rgslp
2025-05-22 06:55:31,5241.0,sum by(owner) (mc_chunk_ownership),multipaper-server-5d4c584f66-rgslp
2025-05-22 06:55:32,5195.0,sum by(owner) (mc_chunk_ownership),multipaper-server-5d4c584f66-rgslp
2025-05-22 06:55:33,5192.0,sum by(owner) (mc_chunk_ownership),multipaper-server-5d4c584f66-rgslp
2025-05-22 06:55:34,5235.0,sum by(owner) (mc_chunk_ownership),multipaper-server-5d4c584f66-rgslp
2025-05-22 06:55:35,5221.0,sum by(owner) (mc_chunk_ownership),multipaper-server-5d4c584f66-rgslp
2025-05-22 06:55:36,5232.0,sum by(owner) (mc_chunk_ownership),multipaper-server-5d4c584f66-rgslp
2025-05-22 06:55:37,5206.0,sum by(owner) (mc_chunk_ownership),multipaper-server-5d4c584f66-rgslp
2025-05-22 06:55:38,5173.0,sum by(owner) (mc_chunk_ownership),multipaper-server-5d4c584f66-rgslp
2025-05-22 06:55:39,5172.0,sum by(owner) (mc_chunk_ownership),multipaper-server-5d4c584f66-rgslp
2025-05-22 06:55:40,5177.0,sum by(owner) (mc_chunk_ownership),multipaper-server-5d4c584f66-rgslp
2025-05-22 06:55:41,5183.0,sum by(owner) (mc_chunk_ownership),multipaper-server-5d4c584f66-rgslp
2025-05-22 06:55:42,5172.0,sum by(owner) (mc_chunk_ownership),multipaper-server-5d4c584f66-rgslp
2025-05-22 06:55:43,5161.0,sum by(owner) (mc_chunk_ownership),multipaper-server-5d4c584f66-rgslp
2025-05-22 06:55:44,5133.0,sum by(owner) (mc_chunk_ownership),multipaper-server-5d4c584f66-rgslp
2025-05-22 06:55:45,5150.0,sum by(owner) (mc_chunk_ownership),multipaper-server-5d4c584f66-rgslp
2025-05-22 06:55:46,5162.0,sum by(owner) (mc_chunk_ownership),multipaper-server-5d4c584f66-rgslp
2025-05-22 06:55:47,5145.0,sum by(owner) (mc_chunk_ownership),multipaper-server-5d4c584f66-rgslp
2025-05-22 06:55:48,5125.0,sum by(owner) (mc_chunk_ownership),multipaper-server-5d4c584f66-rgslp
2025-05-22 06:55:49,5097.0,sum by(owner) (mc_chunk_ownership),multipaper-server-5d4c584f66-rgslp
2025-05-22 06:55:50,5101.0,sum by(owner) (mc_chunk_ownership),multipaper-server-5d4c584f66-rgslp
2025-05-22 06:55:51,5084.0,sum by(owner) (mc_chunk_ownership),multipaper-server-5d4c584f66-rgslp
2025-05-22 06:55:52,5069.0,sum by(owner) (mc_chunk_ownership),multipaper-server-5d4c584f66-rgslp
2025-05-22 06:55:53,5035.0,sum by(owner) (mc_chunk_ownership),multipaper-server-5d4c584f66-rgslp
2025-05-22 06:55:54,5054.0,sum by(owner) (mc_chunk_ownership),multipaper-server-5d4c584f66-rgslp
2025-05-22 06:55:55,5063.0,sum by(owner) (mc_chunk_ownership),multipaper-server-5d4c584f66-rgslp
2025-05-22 06:55:56,5071.0,sum by(owner) (mc_chunk_ownership),multipaper-server-5d4c584f66-rgslp
2025-05-22 06:55:57,5066.0,sum by(owner) (mc_chunk_ownership),multipaper-server-5d4c584f66-rgslp
2025-05-22 06:55:58,5067.0,sum by(owner) (mc_chunk_ownership),multipaper-server-5d4c584f66-rgslp
2025-05-22 06:55:59,5032.0,sum by(owner) (mc_chunk_ownership),multipaper-server-5d4c584f66-rgslp
2025-05-22 06:56:00,5068.0,sum by(owner) (mc_chunk_ownership),multipaper-server-5d4c584f66-rgslp
2025-05-22 06:56:01,5065.0,sum by(owner) (mc_chunk_ownership),multipaper-server-5d4c584f66-rgslp
2025-05-22 06:56:02,5050.0,sum by(owner) (mc_chunk_ownership),multipaper-server-5d4c584f66-rgslp
2025-05-22 06:56:03,5069.0,sum by(owner) (mc_chunk_ownership),multipaper-server-5d4c584f66-rgslp
2025-05-22 06:56:04,5060.0,sum by(owner) (mc_chunk_ownership),multipaper-server-5d4c584f66-rgslp
2025-05-22 06:56:05,5072.0,sum by(owner) (mc_chunk_ownership),multipaper-server-5d4c584f66-rgslp
2025-05-22 06:56:06,5045.0,sum by(owner) (mc_chunk_ownership),multipaper-server-5d4c584f66-rgslp
2025-05-22 06:56:07,5050.0,sum by(owner) (mc_chunk_ownership),multipaper-server-5d4c584f66-rgslp
2025-05-22 06:56:08,5037.0,sum by(owner) (mc_chunk_ownership),multipaper-server-5d4c584f66-rgslp
2025-05-22 06:56:09,5026.0,sum by(owner) (mc_chunk_ownership),multipaper-server-5d4c584f66-rgslp
2025-05-22 06:56:10,5010.0,sum by(owner) (mc_chunk_ownership),multipaper-server-5d4c584f66-rgslp
2025-05-22 06:56:11,5033.0,sum by(owner) (mc_chunk_ownership),multipaper-server-5d4c584f66-rgslp
2025-05-22 06:56:12,4986.0,sum by(owner) (mc_chunk_ownership),multipaper-server-5d4c584f66-rgslp
2025-05-22 06:56:13,5003.0,sum by(owner) (mc_chunk_ownership),multipaper-server-5d4c584f66-rgslp
2025-05-22 06:56:14,5003.0,sum by(owner) (mc_chunk_ownership),multipaper-server-5d4c584f66-rgslp
2025-05-22 06:56:15,5032.0,sum by(owner) (mc_chunk_ownership),multipaper-server-5d4c584f66-rgslp
2025-05-22 06:56:16,5054.0,sum by(owner) (mc_chunk_ownership),multipaper-server-5d4c584f66-rgslp
2025-05-22 06:56:17,5037.0,sum by(owner) (mc_chunk_ownership),multipaper-server-5d4c584f66-rgslp
2025-05-22 06:56:18,4993.0,sum by(owner) (mc_chunk_ownership),multipaper-server-5d4c584f66-rgslp
2025-05-22 06:56:19,4964.0,sum by(owner) (mc_chunk_ownership),multipaper-server-5d4c584f66-rgslp
2025-05-22 06:56:20,4976.0,sum by(owner) (mc_chunk_ownership),multipaper-server-5d4c584f66-rgslp
2025-05-22 06:56:21,4984.0,sum by(owner) (mc_chunk_ownership),multipaper-server-5d4c584f66-rgslp
2025-05-22 06:56:22,4945.0,sum by(owner) (mc_chunk_ownership),multipaper-server-5d4c584f66-rgslp
2025-05-22 06:56:23,4936.0,sum by(owner) (mc_chunk_ownership),multipaper-server-5d4c584f66-rgslp
2025-05-22 06:56:24,4936.0,sum by(owner) (mc_chunk_ownership),multipaper-server-5d4c584f66-rgslp
2025-05-22 06:56:25,4939.0,sum by(owner) (mc_chunk_ownership),multipaper-server-5d4c584f66-rgslp
2025-05-22 06:56:26,4931.0,sum by(owner) (mc_chunk_ownership),multipaper-server-5d4c584f66-rgslp
2025-05-22 06:56:27,4899.0,sum by(owner) (mc_chunk_ownership),multipaper-server-5d4c584f66-rgslp
2025-05-22 06:56:28,4876.0,sum by(owner) (mc_chunk_ownership),multipaper-server-5d4c584f66-rgslp
2025-05-22 06:56:29,4855.0,sum by(owner) (mc_chunk_ownership),multipaper-server-5d4c584f66-rgslp
2025-05-22 06:56:30,4814.0,sum by(owner) (mc_chunk_ownership),multipaper-server-5d4c584f66-rgslp
2025-05-22 06:56:31,4819.0,sum by(owner) (mc_chunk_ownership),multipaper-server-5d4c584f66-rgslp
2025-05-22 06:56:32,4813.0,sum by(owner) (mc_chunk_ownership),multipaper-server-5d4c584f66-rgslp
2025-05-22 06:56:33,4802.0,sum by(owner) (mc_chunk_ownership),multipaper-server-5d4c584f66-rgslp
2025-05-22 06:56:34,4791.0,sum by(owner) (mc_chunk_ownership),multipaper-server-5d4c584f66-rgslp
2025-05-22 06:56:35,4760.0,sum by(owner) (mc_chunk_ownership),multipaper-server-5d4c584f66-rgslp
2025-05-22 06:56:36,4777.0,sum by(owner) (mc_chunk_ownership),multipaper-server-5d4c584f66-rgslp
2025-05-22 06:56:37,4773.0,sum by(owner) (mc_chunk_ownership),multipaper-server-5d4c584f66-rgslp
2025-05-22 06:56:38,4751.0,sum by(owner) (mc_chunk_ownership),multipaper-server-5d4c584f66-rgslp
2025-05-22 06:56:39,4725.0,sum by(owner) (mc_chunk_ownership),multipaper-server-5d4c584f66-rgslp
2025-05-22 06:56:40,4734.0,sum by(owner) (mc_chunk_ownership),multipaper-server-5d4c584f66-rgslp
2025-05-22 06:56:41,4765.0,sum by(owner) (mc_chunk_ownership),multipaper-server-5d4c584f66-rgslp
2025-05-22 06:56:42,4768.0,sum by(owner) (mc_chunk_ownership),multipaper-server-5d4c584f66-rgslp
2025-05-22 06:56:43,4742.0,sum by(owner) (mc_chunk_ownership),multipaper-server-5d4c584f66-rgslp
2025-05-22 06:56:44,4738.0,sum by(owner) (mc_chunk_ownership),multipaper-server-5d4c584f66-rgslp
2025-05-22 06:56:45,4774.0,sum by(owner) (mc_chunk_ownership),multipaper-server-5d4c584f66-rgslp
2025-05-22 06:56:46,4783.0,sum by(owner) (mc_chunk_ownership),multipaper-server-5d4c584f66-rgslp
2025-05-22 06:56:47,4776.0,sum by(owner) (mc_chunk_ownership),multipaper-server-5d4c584f66-rgslp
2025-05-22 06:56:48,4780.0,sum by(owner) (mc_chunk_ownership),multipaper-server-5d4c584f66-rgslp
2025-05-22 06:56:49,4774.0,sum by(owner) (mc_chunk_ownership),multipaper-server-5d4c584f66-rgslp
2025-05-22 06:56:50,4807.0,sum by(owner) (mc_chunk_ownership),multipaper-server-5d4c584f66-rgslp
2025-05-22 06:56:51,4797.0,sum by(owner) (mc_chunk_ownership),multipaper-server-5d4c584f66-rgslp
2025-05-22 06:56:52,4788.0,sum by(owner) (mc_chunk_ownership),multipaper-server-5d4c584f66-rgslp
2025-05-22 06:56:53,4780.0,sum by(owner) (mc_chunk_ownership),multipaper-server-5d4c584f66-rgslp
2025-05-22 06:56:54,4774.0,sum by(owner) (mc_chunk_ownership),multipaper-server-5d4c584f66-rgslp
2025-05-22 06:56:55,4786.0,sum by(owner) (mc_chunk_ownership),multipaper-server-5d4c584f66-rgslp
2025-05-22 06:56:56,4755.0,sum by(owner) (mc_chunk_ownership),multipaper-server-5d4c584f66-rgslp
2025-05-22 06:56:57,4773.0,sum by(owner) (mc_chunk_ownership),multipaper-server-5d4c584f66-rgslp
2025-05-22 06:56:58,4773.0,sum by(owner) (mc_chunk_ownership),multipaper-server-5d4c584f66-rgslp
2025-05-22 06:56:59,4770.0,sum by(owner) (mc_chunk_ownership),multipaper-server-5d4c584f66-rgslp
2025-05-22 06:57:00,4768.0,sum by(owner) (mc_chunk_ownership),multipaper-server-5d4c584f66-rgslp
2025-05-22 06:57:01,4756.0,sum by(owner) (mc_chunk_ownership),multipaper-server-5d4c584f66-rgslp
2025-05-22 06:57:02,4756.0,sum by(owner) (mc_chunk_ownership),multipaper-server-5d4c584f66-rgslp
2025-05-22 06:57:03,4760.0,sum by(owner) (mc_chunk_ownership),multipaper-server-5d4c584f66-rgslp
2025-05-22 06:57:04,4759.0,sum by(owner) (mc_chunk_ownership),multipaper-server-5d4c584f66-rgslp
2025-05-22 06:57:05,4762.0,sum by(owner) (mc_chunk_ownership),multipaper-server-5d4c584f66-rgslp
2025-05-22 06:57:06,4749.0,sum by(owner) (mc_chunk_ownership),multipaper-server-5d4c584f66-rgslp
2025-05-22 06:57:07,4753.0,sum by(owner) (mc_chunk_ownership),multipaper-server-5d4c584f66-rgslp
2025-05-22 06:57:08,4754.0,sum by(owner) (mc_chunk_ownership),multipaper-server-5d4c584f66-rgslp
2025-05-22 06:57:09,4760.0,sum by(owner) (mc_chunk_ownership),multipaper-server-5d4c584f66-rgslp
2025-05-22 06:57:10,4741.0,sum by(owner) (mc_chunk_ownership),multipaper-server-5d4c584f66-rgslp
2025-05-22 06:57:11,4740.0,sum by(owner) (mc_chunk_ownership),multipaper-server-5d4c584f66-rgslp
2025-05-22 06:57:12,4743.0,sum by(owner) (mc_chunk_ownership),multipaper-server-5d4c584f66-rgslp
2025-05-22 06:57:13,4745.0,sum by(owner) (mc_chunk_ownership),multipaper-server-5d4c584f66-rgslp
2025-05-22 06:57:14,4747.0,sum by(owner) (mc_chunk_ownership),multipaper-server-5d4c584f66-rgslp
2025-05-22 06:57:15,4733.0,sum by(owner) (mc_chunk_ownership),multipaper-server-5d4c584f66-rgslp
2025-05-22 06:57:16,4733.0,sum by(owner) (mc_chunk_ownership),multipaper-server-5d4c584f66-rgslp
2025-05-22 06:57:17,4733.0,sum by(owner) (mc_chunk_ownership),multipaper-server-5d4c584f66-rgslp
2025-05-22 06:57:18,4733.0,sum by(owner) (mc_chunk_ownership),multipaper-server-5d4c584f66-rgslp
2025-05-22 06:57:19,4707.0,sum by(owner) (mc_chunk_ownership),multipaper-server-5d4c584f66-rgslp
2025-05-22 06:57:20,4712.0,sum by(owner) (mc_chunk_ownership),multipaper-server-5d4c584f66-rgslp
2025-05-22 06:57:21,4718.0,sum by(owner) (mc_chunk_ownership),multipaper-server-5d4c584f66-rgslp
2025-05-22 06:57:22,4716.0,sum by(owner) (mc_chunk_ownership),multipaper-server-5d4c584f66-rgslp
2025-05-22 06:57:23,4716.0,sum by(owner) (mc_chunk_ownership),multipaper-server-5d4c584f66-rgslp
2025-05-22 06:57:24,4712.0,sum by(owner) (mc_chunk_ownership),multipaper-server-5d4c584f66-rgslp
2025-05-22 06:57:25,4712.0,sum by(owner) (mc_chunk_ownership),multipaper-server-5d4c584f66-rgslp
2025-05-22 06:57:26,4704.0,sum by(owner) (mc_chunk_ownership),multipaper-server-5d4c584f66-rgslp
2025-05-22 06:57:27,4709.0,sum by(owner) (mc_chunk_ownership),multipaper-server-5d4c584f66-rgslp
2025-05-22 06:57:28,4710.0,sum by(owner) (mc_chunk_ownership),multipaper-server-5d4c584f66-rgslp
2025-05-22 06:57:29,4703.0,sum by(owner) (mc_chunk_ownership),multipaper-server-5d4c584f66-rgslp
2025-05-22 06:57:30,4707.0,sum by(owner) (mc_chunk_ownership),multipaper-server-5d4c584f66-rgslp
2025-05-22 06:57:31,4699.0,sum by(owner) (mc_chunk_ownership),multipaper-server-5d4c584f66-rgslp
2025-05-22 06:57:32,4702.0,sum by(owner) (mc_chunk_ownership),multipaper-server-5d4c584f66-rgslp
2025-05-22 06:57:33,4705.0,sum by(owner) (mc_chunk_ownership),multipaper-server-5d4c584f66-rgslp
2025-05-22 06:57:34,4705.0,sum by(owner) (mc_chunk_ownership),multipaper-server-5d4c584f66-rgslp
2025-05-22 06:57:35,4698.0,sum by(owner) (mc_chunk_ownership),multipaper-server-5d4c584f66-rgslp
2025-05-22 06:57:36,4706.0,sum by(owner) (mc_chunk_ownership),multipaper-server-5d4c584f66-rgslp
2025-05-22 06:57:37,4708.0,sum by(owner) (mc_chunk_ownership),multipaper-server-5d4c584f66-rgslp
2025-05-22 06:57:38,4709.0,sum by(owner) (mc_chunk_ownership),multipaper-server-5d4c584f66-rgslp
2025-05-22 06:57:39,4709.0,sum by(owner) (mc_chunk_ownership),multipaper-server-5d4c584f66-rgslp
2025-05-22 06:57:40,4702.0,sum by(owner) (mc_chunk_ownership),multipaper-server-5d4c584f66-rgslp
2025-05-22 06:57:41,4702.0,sum by(owner) (mc_chunk_ownership),multipaper-server-5d4c584f66-rgslp
2025-05-22 06:57:42,4697.0,sum by(owner) (mc_chunk_ownership),multipaper-server-5d4c584f66-rgslp
2025-05-22 06:57:43,4702.0,sum by(owner) (mc_chunk_ownership),multipaper-server-5d4c584f66-rgslp
2025-05-22 06:57:44,4702.0,sum by(owner) (mc_chunk_ownership),multipaper-server-5d4c584f66-rgslp
2025-05-22 06:57:45,4702.0,sum by(owner) (mc_chunk_ownership),multipaper-server-5d4c584f66-rgslp
2025-05-22 06:57:46,4693.0,sum by(owner) (mc_chunk_ownership),multipaper-server-5d4c584f66-rgslp
2025-05-22 06:57:47,4697.0,sum by(owner) (mc_chunk_ownership),multipaper-server-5d4c584f66-rgslp
2025-05-22 06:57:48,4691.0,sum by(owner) (mc_chunk_ownership),multipaper-server-5d4c584f66-rgslp
2025-05-22 06:57:49,4692.0,sum by(owner) (mc_chunk_ownership),multipaper-server-5d4c584f66-rgslp
2025-05-22 06:57:50,4707.0,sum by(owner) (mc_chunk_ownership),multipaper-server-5d4c584f66-rgslp
2025-05-22 06:57:51,4707.0,sum by(owner) (mc_chunk_ownership),multipaper-server-5d4c584f66-rgslp
2025-05-22 06:57:52,4711.0,sum by(owner) (mc_chunk_ownership),multipaper-server-5d4c584f66-rgslp
2025-05-22 06:57:53,4711.0,sum by(owner) (mc_chunk_ownership),multipaper-server-5d4c584f66-rgslp
2025-05-22 06:57:54,4711.0,sum by(owner) (mc_chunk_ownership),multipaper-server-5d4c584f66-rgslp
2025-05-22 06:57:55,4711.0,sum by(owner) (mc_chunk_ownership),multipaper-server-5d4c584f66-rgslp
2025-05-22 06:57:56,4719.0,sum by(owner) (mc_chunk_ownership),multipaper-server-5d4c584f66-rgslp
2025-05-22 06:57:57,4720.0,sum by(owner) (mc_chunk_ownership),multipaper-server-5d4c584f66-rgslp
2025-05-22 06:57:58,4718.0,sum by(owner) (mc_chunk_ownership),multipaper-server-5d4c584f66-rgslp
2025-05-22 06:57:59,4718.0,sum by(owner) (mc_chunk_ownership),multipaper-server-5d4c584f66-rgslp
2025-05-22 06:58:00,4716.0,sum by(owner) (mc_chunk_ownership),multipaper-server-5d4c584f66-rgslp
2025-05-22 06:58:01,4720.0,sum by(owner) (mc_chunk_ownership),multipaper-server-5d4c584f66-rgslp
2025-05-22 06:58:02,4734.0,sum by(owner) (mc_chunk_ownership),multipaper-server-5d4c584f66-rgslp
2025-05-22 06:58:03,4734.0,sum by(owner) (mc_chunk_ownership),multipaper-server-5d4c584f66-rgslp
2025-05-22 06:58:04,4724.0,sum by(owner) (mc_chunk_ownership),multipaper-server-5d4c584f66-rgslp
2025-05-22 06:58:05,4731.0,sum by(owner) (mc_chunk_ownership),multipaper-server-5d4c584f66-rgslp
2025-05-22 06:58:06,4738.0,sum by(owner) (mc_chunk_ownership),multipaper-server-5d4c584f66-rgslp
2025-05-22 06:58:07,4735.0,sum by(owner) (mc_chunk_ownership),multipaper-server-5d4c584f66-rgslp
2025-05-22 06:58:08,4741.0,sum by(owner) (mc_chunk_ownership),multipaper-server-5d4c584f66-rgslp
2025-05-22 06:58:09,4743.0,sum by(owner) (mc_chunk_ownership),multipaper-server-5d4c584f66-rgslp
2025-05-22 06:58:10,4741.0,sum by(owner) (mc_chunk_ownership),multipaper-server-5d4c584f66-rgslp
2025-05-22 06:58:11,4744.0,sum by(owner) (mc_chunk_ownership),multipaper-server-5d4c584f66-rgslp
2025-05-22 06:58:12,4746.0,sum by(owner) (mc_chunk_ownership),multipaper-server-5d4c584f66-rgslp
2025-05-22 06:58:13,4767.0,sum by(owner) (mc_chunk_ownership),multipaper-server-5d4c584f66-rgslp
2025-05-22 06:58:14,4778.0,sum by(owner) (mc_chunk_ownership),multipaper-server-5d4c584f66-rgslp
2025-05-22 06:58:15,4771.0,sum by(owner) (mc_chunk_ownership),multipaper-server-5d4c584f66-rgslp
2025-05-22 06:58:16,4777.0,sum by(owner) (mc_chunk_ownership),multipaper-server-5d4c584f66-rgslp
2025-05-22 06:58:17,4781.0,sum by(owner) (mc_chunk_ownership),multipaper-server-5d4c584f66-rgslp
2025-05-22 06:58:18,4799.0,sum by(owner) (mc_chunk_ownership),multipaper-server-5d4c584f66-rgslp
2025-05-22 06:58:19,4799.0,sum by(owner) (mc_chunk_ownership),multipaper-server-5d4c584f66-rgslp
2025-05-22 06:58:20,4793.0,sum by(owner) (mc_chunk_ownership),multipaper-server-5d4c584f66-rgslp
2025-05-22 06:58:21,4827.0,sum by(owner) (mc_chunk_ownership),multipaper-server-5d4c584f66-rgslp
2025-05-22 06:58:22,4835.0,sum by(owner) (mc_chunk_ownership),multipaper-server-5d4c584f66-rgslp
2025-05-22 06:58:23,4869.0,sum by(owner) (mc_chunk_ownership),multipaper-server-5d4c584f66-rgslp
2025-05-22 06:58:24,4869.0,sum by(owner) (mc_chunk_ownership),multipaper-server-5d4c584f66-rgslp
2025-05-22 06:58:25,4870.0,sum by(owner) (mc_chunk_ownership),multipaper-server-5d4c584f66-rgslp
2025-05-22 06:58:26,4875.0,sum by(owner) (mc_chunk_ownership),multipaper-server-5d4c584f66-rgslp
2025-05-22 06:58:27,4897.0,sum by(owner) (mc_chunk_ownership),multipaper-server-5d4c584f66-rgslp
2025-05-22 06:58:28,4910.0,sum by(owner) (mc_chunk_ownership),multipaper-server-5d4c584f66-rgslp
2025-05-22 06:58:29,4931.0,sum by(owner) (mc_chunk_ownership),multipaper-server-5d4c584f66-rgslp
2025-05-22 06:58:30,4941.0,sum by(owner) (mc_chunk_ownership),multipaper-server-5d4c584f66-rgslp
2025-05-22 06:58:31,4962.0,sum by(owner) (mc_chunk_ownership),multipaper-server-5d4c584f66-rgslp
2025-05-22 06:58:32,4970.0,sum by(owner) (mc_chunk_ownership),multipaper-server-5d4c584f66-rgslp
2025-05-22 06:58:33,5010.0,sum by(owner) (mc_chunk_ownership),multipaper-server-5d4c584f66-rgslp
2025-05-22 06:58:34,5009.0,sum by(owner) (mc_chunk_ownership),multipaper-server-5d4c584f66-rgslp
2025-05-22 06:58:35,6507.0,sum by(owner) (mc_chunk_ownership),multipaper-server-5d4c584f66-rgslp
