timestamp,value,metric,chunk_owner
2025-05-22 06:50:58,1.0,sum by(chunk_owner) (mc_player_location),
2025-05-22 06:50:59,1.0,sum by(chunk_owner) (mc_player_location),
2025-05-22 06:50:57,1.0,sum by(chunk_owner) (mc_player_location),multipaper-server-5d4c584f66-7rghg
2025-05-22 06:50:58,1.0,sum by(chunk_owner) (mc_player_location),multipaper-server-5d4c584f66-7rghg
2025-05-22 06:50:59,2.0,sum by(chunk_owner) (mc_player_location),multipaper-server-5d4c584f66-7rghg
2025-05-22 06:51:00,2.0,sum by(chunk_owner) (mc_player_location),multipaper-server-5d4c584f66-7rghg
2025-05-22 06:51:01,2.0,sum by(chunk_owner) (mc_player_location),multipaper-server-5d4c584f66-7rghg
2025-05-22 06:51:02,2.0,sum by(chunk_owner) (mc_player_location),multipaper-server-5d4c584f66-7rghg
2025-05-22 06:51:03,2.0,sum by(chunk_owner) (mc_player_location),multipaper-server-5d4c584f66-7rghg
2025-05-22 06:51:04,3.0,sum by(chunk_owner) (mc_player_location),multipaper-server-5d4c584f66-7rghg
2025-05-22 06:51:05,3.0,sum by(chunk_owner) (mc_player_location),multipaper-server-5d4c584f66-7rghg
2025-05-22 06:51:06,3.0,sum by(chunk_owner) (mc_player_location),multipaper-server-5d4c584f66-7rghg
2025-05-22 06:51:07,3.0,sum by(chunk_owner) (mc_player_location),multipaper-server-5d4c584f66-7rghg
2025-05-22 06:51:08,3.0,sum by(chunk_owner) (mc_player_location),multipaper-server-5d4c584f66-7rghg
2025-05-22 06:51:09,3.0,sum by(chunk_owner) (mc_player_location),multipaper-server-5d4c584f66-7rghg
2025-05-22 06:51:10,3.0,sum by(chunk_owner) (mc_player_location),multipaper-server-5d4c584f66-7rghg
2025-05-22 06:51:11,3.0,sum by(chunk_owner) (mc_player_location),multipaper-server-5d4c584f66-7rghg
2025-05-22 06:51:12,3.0,sum by(chunk_owner) (mc_player_location),multipaper-server-5d4c584f66-7rghg
2025-05-22 06:51:13,3.0,sum by(chunk_owner) (mc_player_location),multipaper-server-5d4c584f66-7rghg
2025-05-22 06:51:14,3.0,sum by(chunk_owner) (mc_player_location),multipaper-server-5d4c584f66-7rghg
2025-05-22 06:51:15,3.0,sum by(chunk_owner) (mc_player_location),multipaper-server-5d4c584f66-7rghg
2025-05-22 06:51:16,3.0,sum by(chunk_owner) (mc_player_location),multipaper-server-5d4c584f66-7rghg
2025-05-22 06:51:17,3.0,sum by(chunk_owner) (mc_player_location),multipaper-server-5d4c584f66-7rghg
2025-05-22 06:51:18,4.0,sum by(chunk_owner) (mc_player_location),multipaper-server-5d4c584f66-7rghg
2025-05-22 06:51:19,4.0,sum by(chunk_owner) (mc_player_location),multipaper-server-5d4c584f66-7rghg
2025-05-22 06:51:20,4.0,sum by(chunk_owner) (mc_player_location),multipaper-server-5d4c584f66-7rghg
2025-05-22 06:51:21,5.0,sum by(chunk_owner) (mc_player_location),multipaper-server-5d4c584f66-7rghg
2025-05-22 06:51:22,6.0,sum by(chunk_owner) (mc_player_location),multipaper-server-5d4c584f66-7rghg
2025-05-22 06:51:23,6.0,sum by(chunk_owner) (mc_player_location),multipaper-server-5d4c584f66-7rghg
2025-05-22 06:51:24,7.0,sum by(chunk_owner) (mc_player_location),multipaper-server-5d4c584f66-7rghg
2025-05-22 06:51:25,7.0,sum by(chunk_owner) (mc_player_location),multipaper-server-5d4c584f66-7rghg
2025-05-22 06:51:26,8.0,sum by(chunk_owner) (mc_player_location),multipaper-server-5d4c584f66-7rghg
2025-05-22 06:51:27,8.0,sum by(chunk_owner) (mc_player_location),multipaper-server-5d4c584f66-7rghg
2025-05-22 06:51:28,8.0,sum by(chunk_owner) (mc_player_location),multipaper-server-5d4c584f66-7rghg
2025-05-22 06:51:29,8.0,sum by(chunk_owner) (mc_player_location),multipaper-server-5d4c584f66-7rghg
2025-05-22 06:51:30,9.0,sum by(chunk_owner) (mc_player_location),multipaper-server-5d4c584f66-7rghg
2025-05-22 06:51:31,8.0,sum by(chunk_owner) (mc_player_location),multipaper-server-5d4c584f66-7rghg
2025-05-22 06:51:32,9.0,sum by(chunk_owner) (mc_player_location),multipaper-server-5d4c584f66-7rghg
2025-05-22 06:51:33,9.0,sum by(chunk_owner) (mc_player_location),multipaper-server-5d4c584f66-7rghg
2025-05-22 06:51:34,10.0,sum by(chunk_owner) (mc_player_location),multipaper-server-5d4c584f66-7rghg
2025-05-22 06:51:35,10.0,sum by(chunk_owner) (mc_player_location),multipaper-server-5d4c584f66-7rghg
2025-05-22 06:51:36,11.0,sum by(chunk_owner) (mc_player_location),multipaper-server-5d4c584f66-7rghg
2025-05-22 06:51:37,10.0,sum by(chunk_owner) (mc_player_location),multipaper-server-5d4c584f66-7rghg
2025-05-22 06:51:38,10.0,sum by(chunk_owner) (mc_player_location),multipaper-server-5d4c584f66-7rghg
2025-05-22 06:51:39,10.0,sum by(chunk_owner) (mc_player_location),multipaper-server-5d4c584f66-7rghg
2025-05-22 06:51:40,11.0,sum by(chunk_owner) (mc_player_location),multipaper-server-5d4c584f66-7rghg
2025-05-22 06:51:41,12.0,sum by(chunk_owner) (mc_player_location),multipaper-server-5d4c584f66-7rghg
2025-05-22 06:51:42,11.0,sum by(chunk_owner) (mc_player_location),multipaper-server-5d4c584f66-7rghg
2025-05-22 06:51:43,11.0,sum by(chunk_owner) (mc_player_location),multipaper-server-5d4c584f66-7rghg
2025-05-22 06:51:44,12.0,sum by(chunk_owner) (mc_player_location),multipaper-server-5d4c584f66-7rghg
2025-05-22 06:51:45,15.0,sum by(chunk_owner) (mc_player_location),multipaper-server-5d4c584f66-7rghg
2025-05-22 06:51:46,16.0,sum by(chunk_owner) (mc_player_location),multipaper-server-5d4c584f66-7rghg
2025-05-22 06:51:47,16.0,sum by(chunk_owner) (mc_player_location),multipaper-server-5d4c584f66-7rghg
2025-05-22 06:51:48,17.0,sum by(chunk_owner) (mc_player_location),multipaper-server-5d4c584f66-7rghg
2025-05-22 06:51:49,17.0,sum by(chunk_owner) (mc_player_location),multipaper-server-5d4c584f66-7rghg
2025-05-22 06:51:50,17.0,sum by(chunk_owner) (mc_player_location),multipaper-server-5d4c584f66-7rghg
2025-05-22 06:51:51,16.0,sum by(chunk_owner) (mc_player_location),multipaper-server-5d4c584f66-7rghg
2025-05-22 06:51:52,16.0,sum by(chunk_owner) (mc_player_location),multipaper-server-5d4c584f66-7rghg
2025-05-22 06:51:53,16.0,sum by(chunk_owner) (mc_player_location),multipaper-server-5d4c584f66-7rghg
2025-05-22 06:51:54,17.0,sum by(chunk_owner) (mc_player_location),multipaper-server-5d4c584f66-7rghg
2025-05-22 06:51:55,18.0,sum by(chunk_owner) (mc_player_location),multipaper-server-5d4c584f66-7rghg
2025-05-22 06:51:56,19.0,sum by(chunk_owner) (mc_player_location),multipaper-server-5d4c584f66-7rghg
2025-05-22 06:51:57,19.0,sum by(chunk_owner) (mc_player_location),multipaper-server-5d4c584f66-7rghg
2025-05-22 06:51:58,20.0,sum by(chunk_owner) (mc_player_location),multipaper-server-5d4c584f66-7rghg
2025-05-22 06:51:59,20.0,sum by(chunk_owner) (mc_player_location),multipaper-server-5d4c584f66-7rghg
2025-05-22 06:52:00,19.0,sum by(chunk_owner) (mc_player_location),multipaper-server-5d4c584f66-7rghg
2025-05-22 06:52:01,19.0,sum by(chunk_owner) (mc_player_location),multipaper-server-5d4c584f66-7rghg
2025-05-22 06:52:02,20.0,sum by(chunk_owner) (mc_player_location),multipaper-server-5d4c584f66-7rghg
2025-05-22 06:52:03,22.0,sum by(chunk_owner) (mc_player_location),multipaper-server-5d4c584f66-7rghg
2025-05-22 06:52:04,22.0,sum by(chunk_owner) (mc_player_location),multipaper-server-5d4c584f66-7rghg
2025-05-22 06:52:05,22.0,sum by(chunk_owner) (mc_player_location),multipaper-server-5d4c584f66-7rghg
2025-05-22 06:52:06,20.0,sum by(chunk_owner) (mc_player_location),multipaper-server-5d4c584f66-7rghg
2025-05-22 06:52:07,20.0,sum by(chunk_owner) (mc_player_location),multipaper-server-5d4c584f66-7rghg
2025-05-22 06:52:08,20.0,sum by(chunk_owner) (mc_player_location),multipaper-server-5d4c584f66-7rghg
2025-05-22 06:52:09,20.0,sum by(chunk_owner) (mc_player_location),multipaper-server-5d4c584f66-7rghg
2025-05-22 06:52:10,20.0,sum by(chunk_owner) (mc_player_location),multipaper-server-5d4c584f66-7rghg
2025-05-22 06:52:11,20.0,sum by(chunk_owner) (mc_player_location),multipaper-server-5d4c584f66-7rghg
2025-05-22 06:52:12,22.0,sum by(chunk_owner) (mc_player_location),multipaper-server-5d4c584f66-7rghg
2025-05-22 06:52:13,22.0,sum by(chunk_owner) (mc_player_location),multipaper-server-5d4c584f66-7rghg
2025-05-22 06:52:14,23.0,sum by(chunk_owner) (mc_player_location),multipaper-server-5d4c584f66-7rghg
2025-05-22 06:52:15,23.0,sum by(chunk_owner) (mc_player_location),multipaper-server-5d4c584f66-7rghg
2025-05-22 06:52:16,24.0,sum by(chunk_owner) (mc_player_location),multipaper-server-5d4c584f66-7rghg
2025-05-22 06:52:17,24.0,sum by(chunk_owner) (mc_player_location),multipaper-server-5d4c584f66-7rghg
2025-05-22 06:52:18,25.0,sum by(chunk_owner) (mc_player_location),multipaper-server-5d4c584f66-7rghg
2025-05-22 06:52:19,25.0,sum by(chunk_owner) (mc_player_location),multipaper-server-5d4c584f66-7rghg
2025-05-22 06:52:20,26.0,sum by(chunk_owner) (mc_player_location),multipaper-server-5d4c584f66-7rghg
2025-05-22 06:52:21,26.0,sum by(chunk_owner) (mc_player_location),multipaper-server-5d4c584f66-7rghg
2025-05-22 06:52:22,27.0,sum by(chunk_owner) (mc_player_location),multipaper-server-5d4c584f66-7rghg
2025-05-22 06:52:23,27.0,sum by(chunk_owner) (mc_player_location),multipaper-server-5d4c584f66-7rghg
2025-05-22 06:52:24,28.0,sum by(chunk_owner) (mc_player_location),multipaper-server-5d4c584f66-7rghg
2025-05-22 06:52:25,28.0,sum by(chunk_owner) (mc_player_location),multipaper-server-5d4c584f66-7rghg
2025-05-22 06:52:26,28.0,sum by(chunk_owner) (mc_player_location),multipaper-server-5d4c584f66-7rghg
2025-05-22 06:52:27,29.0,sum by(chunk_owner) (mc_player_location),multipaper-server-5d4c584f66-7rghg
2025-05-22 06:52:28,29.0,sum by(chunk_owner) (mc_player_location),multipaper-server-5d4c584f66-7rghg
2025-05-22 06:52:29,30.0,sum by(chunk_owner) (mc_player_location),multipaper-server-5d4c584f66-7rghg
2025-05-22 06:52:30,30.0,sum by(chunk_owner) (mc_player_location),multipaper-server-5d4c584f66-7rghg
2025-05-22 06:52:31,31.0,sum by(chunk_owner) (mc_player_location),multipaper-server-5d4c584f66-7rghg
2025-05-22 06:52:32,32.0,sum by(chunk_owner) (mc_player_location),multipaper-server-5d4c584f66-7rghg
2025-05-22 06:52:33,33.0,sum by(chunk_owner) (mc_player_location),multipaper-server-5d4c584f66-7rghg
2025-05-22 06:52:34,34.0,sum by(chunk_owner) (mc_player_location),multipaper-server-5d4c584f66-7rghg
2025-05-22 06:52:35,34.0,sum by(chunk_owner) (mc_player_location),multipaper-server-5d4c584f66-7rghg
2025-05-22 06:52:36,34.0,sum by(chunk_owner) (mc_player_location),multipaper-server-5d4c584f66-7rghg
2025-05-22 06:52:37,33.0,sum by(chunk_owner) (mc_player_location),multipaper-server-5d4c584f66-7rghg
2025-05-22 06:52:38,32.0,sum by(chunk_owner) (mc_player_location),multipaper-server-5d4c584f66-7rghg
2025-05-22 06:52:39,32.0,sum by(chunk_owner) (mc_player_location),multipaper-server-5d4c584f66-7rghg
2025-05-22 06:52:40,33.0,sum by(chunk_owner) (mc_player_location),multipaper-server-5d4c584f66-7rghg
2025-05-22 06:52:41,32.0,sum by(chunk_owner) (mc_player_location),multipaper-server-5d4c584f66-7rghg
2025-05-22 06:52:42,32.0,sum by(chunk_owner) (mc_player_location),multipaper-server-5d4c584f66-7rghg
2025-05-22 06:52:43,29.0,sum by(chunk_owner) (mc_player_location),multipaper-server-5d4c584f66-7rghg
2025-05-22 06:52:44,29.0,sum by(chunk_owner) (mc_player_location),multipaper-server-5d4c584f66-7rghg
2025-05-22 06:52:45,29.0,sum by(chunk_owner) (mc_player_location),multipaper-server-5d4c584f66-7rghg
2025-05-22 06:52:46,30.0,sum by(chunk_owner) (mc_player_location),multipaper-server-5d4c584f66-7rghg
2025-05-22 06:52:47,31.0,sum by(chunk_owner) (mc_player_location),multipaper-server-5d4c584f66-7rghg
2025-05-22 06:52:48,35.0,sum by(chunk_owner) (mc_player_location),multipaper-server-5d4c584f66-7rghg
2025-05-22 06:52:49,35.0,sum by(chunk_owner) (mc_player_location),multipaper-server-5d4c584f66-7rghg
2025-05-22 06:52:50,35.0,sum by(chunk_owner) (mc_player_location),multipaper-server-5d4c584f66-7rghg
2025-05-22 06:52:51,36.0,sum by(chunk_owner) (mc_player_location),multipaper-server-5d4c584f66-7rghg
2025-05-22 06:52:52,36.0,sum by(chunk_owner) (mc_player_location),multipaper-server-5d4c584f66-7rghg
2025-05-22 06:52:53,36.0,sum by(chunk_owner) (mc_player_location),multipaper-server-5d4c584f66-7rghg
2025-05-22 06:52:54,36.0,sum by(chunk_owner) (mc_player_location),multipaper-server-5d4c584f66-7rghg
2025-05-22 06:52:55,35.0,sum by(chunk_owner) (mc_player_location),multipaper-server-5d4c584f66-7rghg
2025-05-22 06:52:56,35.0,sum by(chunk_owner) (mc_player_location),multipaper-server-5d4c584f66-7rghg
2025-05-22 06:52:57,35.0,sum by(chunk_owner) (mc_player_location),multipaper-server-5d4c584f66-7rghg
2025-05-22 06:52:58,34.0,sum by(chunk_owner) (mc_player_location),multipaper-server-5d4c584f66-7rghg
2025-05-22 06:52:59,35.0,sum by(chunk_owner) (mc_player_location),multipaper-server-5d4c584f66-7rghg
2025-05-22 06:53:00,35.0,sum by(chunk_owner) (mc_player_location),multipaper-server-5d4c584f66-7rghg
2025-05-22 06:53:01,37.0,sum by(chunk_owner) (mc_player_location),multipaper-server-5d4c584f66-7rghg
2025-05-22 06:53:02,37.0,sum by(chunk_owner) (mc_player_location),multipaper-server-5d4c584f66-7rghg
2025-05-22 06:53:03,37.0,sum by(chunk_owner) (mc_player_location),multipaper-server-5d4c584f66-7rghg
2025-05-22 06:53:04,37.0,sum by(chunk_owner) (mc_player_location),multipaper-server-5d4c584f66-7rghg
2025-05-22 06:53:05,37.0,sum by(chunk_owner) (mc_player_location),multipaper-server-5d4c584f66-7rghg
2025-05-22 06:53:06,37.0,sum by(chunk_owner) (mc_player_location),multipaper-server-5d4c584f66-7rghg
2025-05-22 06:53:07,36.0,sum by(chunk_owner) (mc_player_location),multipaper-server-5d4c584f66-7rghg
2025-05-22 06:53:08,36.0,sum by(chunk_owner) (mc_player_location),multipaper-server-5d4c584f66-7rghg
2025-05-22 06:53:09,35.0,sum by(chunk_owner) (mc_player_location),multipaper-server-5d4c584f66-7rghg
2025-05-22 06:53:10,35.0,sum by(chunk_owner) (mc_player_location),multipaper-server-5d4c584f66-7rghg
2025-05-22 06:53:11,34.0,sum by(chunk_owner) (mc_player_location),multipaper-server-5d4c584f66-7rghg
2025-05-22 06:53:12,33.0,sum by(chunk_owner) (mc_player_location),multipaper-server-5d4c584f66-7rghg
2025-05-22 06:53:13,33.0,sum by(chunk_owner) (mc_player_location),multipaper-server-5d4c584f66-7rghg
2025-05-22 06:53:14,34.0,sum by(chunk_owner) (mc_player_location),multipaper-server-5d4c584f66-7rghg
2025-05-22 06:53:15,33.0,sum by(chunk_owner) (mc_player_location),multipaper-server-5d4c584f66-7rghg
2025-05-22 06:53:16,34.0,sum by(chunk_owner) (mc_player_location),multipaper-server-5d4c584f66-7rghg
2025-05-22 06:53:17,33.0,sum by(chunk_owner) (mc_player_location),multipaper-server-5d4c584f66-7rghg
2025-05-22 06:53:18,34.0,sum by(chunk_owner) (mc_player_location),multipaper-server-5d4c584f66-7rghg
2025-05-22 06:53:19,33.0,sum by(chunk_owner) (mc_player_location),multipaper-server-5d4c584f66-7rghg
2025-05-22 06:53:20,33.0,sum by(chunk_owner) (mc_player_location),multipaper-server-5d4c584f66-7rghg
2025-05-22 06:53:21,32.0,sum by(chunk_owner) (mc_player_location),multipaper-server-5d4c584f66-7rghg
2025-05-22 06:53:22,31.0,sum by(chunk_owner) (mc_player_location),multipaper-server-5d4c584f66-7rghg
2025-05-22 06:53:23,30.0,sum by(chunk_owner) (mc_player_location),multipaper-server-5d4c584f66-7rghg
2025-05-22 06:53:24,29.0,sum by(chunk_owner) (mc_player_location),multipaper-server-5d4c584f66-7rghg
2025-05-22 06:53:25,29.0,sum by(chunk_owner) (mc_player_location),multipaper-server-5d4c584f66-7rghg
2025-05-22 06:53:26,30.0,sum by(chunk_owner) (mc_player_location),multipaper-server-5d4c584f66-7rghg
2025-05-22 06:53:27,30.0,sum by(chunk_owner) (mc_player_location),multipaper-server-5d4c584f66-7rghg
2025-05-22 06:53:28,34.0,sum by(chunk_owner) (mc_player_location),multipaper-server-5d4c584f66-7rghg
2025-05-22 06:53:29,34.0,sum by(chunk_owner) (mc_player_location),multipaper-server-5d4c584f66-7rghg
2025-05-22 06:53:30,34.0,sum by(chunk_owner) (mc_player_location),multipaper-server-5d4c584f66-7rghg
2025-05-22 06:53:31,34.0,sum by(chunk_owner) (mc_player_location),multipaper-server-5d4c584f66-7rghg
2025-05-22 06:53:32,36.0,sum by(chunk_owner) (mc_player_location),multipaper-server-5d4c584f66-7rghg
2025-05-22 06:53:33,36.0,sum by(chunk_owner) (mc_player_location),multipaper-server-5d4c584f66-7rghg
2025-05-22 06:53:34,36.0,sum by(chunk_owner) (mc_player_location),multipaper-server-5d4c584f66-7rghg
2025-05-22 06:53:35,37.0,sum by(chunk_owner) (mc_player_location),multipaper-server-5d4c584f66-7rghg
2025-05-22 06:53:36,37.0,sum by(chunk_owner) (mc_player_location),multipaper-server-5d4c584f66-7rghg
2025-05-22 06:53:37,37.0,sum by(chunk_owner) (mc_player_location),multipaper-server-5d4c584f66-7rghg
2025-05-22 06:53:38,37.0,sum by(chunk_owner) (mc_player_location),multipaper-server-5d4c584f66-7rghg
2025-05-22 06:53:39,37.0,sum by(chunk_owner) (mc_player_location),multipaper-server-5d4c584f66-7rghg
2025-05-22 06:53:40,37.0,sum by(chunk_owner) (mc_player_location),multipaper-server-5d4c584f66-7rghg
2025-05-22 06:53:41,35.0,sum by(chunk_owner) (mc_player_location),multipaper-server-5d4c584f66-7rghg
2025-05-22 06:53:42,35.0,sum by(chunk_owner) (mc_player_location),multipaper-server-5d4c584f66-7rghg
2025-05-22 06:53:43,36.0,sum by(chunk_owner) (mc_player_location),multipaper-server-5d4c584f66-7rghg
2025-05-22 06:53:44,36.0,sum by(chunk_owner) (mc_player_location),multipaper-server-5d4c584f66-7rghg
2025-05-22 06:53:45,36.0,sum by(chunk_owner) (mc_player_location),multipaper-server-5d4c584f66-7rghg
2025-05-22 06:53:46,36.0,sum by(chunk_owner) (mc_player_location),multipaper-server-5d4c584f66-7rghg
2025-05-22 06:53:47,35.0,sum by(chunk_owner) (mc_player_location),multipaper-server-5d4c584f66-7rghg
2025-05-22 06:53:48,35.0,sum by(chunk_owner) (mc_player_location),multipaper-server-5d4c584f66-7rghg
2025-05-22 06:53:49,36.0,sum by(chunk_owner) (mc_player_location),multipaper-server-5d4c584f66-7rghg
2025-05-22 06:53:50,36.0,sum by(chunk_owner) (mc_player_location),multipaper-server-5d4c584f66-7rghg
2025-05-22 06:53:51,36.0,sum by(chunk_owner) (mc_player_location),multipaper-server-5d4c584f66-7rghg
2025-05-22 06:53:52,36.0,sum by(chunk_owner) (mc_player_location),multipaper-server-5d4c584f66-7rghg
2025-05-22 06:53:53,37.0,sum by(chunk_owner) (mc_player_location),multipaper-server-5d4c584f66-7rghg
2025-05-22 06:53:54,37.0,sum by(chunk_owner) (mc_player_location),multipaper-server-5d4c584f66-7rghg
2025-05-22 06:53:55,38.0,sum by(chunk_owner) (mc_player_location),multipaper-server-5d4c584f66-7rghg
2025-05-22 06:53:56,38.0,sum by(chunk_owner) (mc_player_location),multipaper-server-5d4c584f66-7rghg
2025-05-22 06:53:57,38.0,sum by(chunk_owner) (mc_player_location),multipaper-server-5d4c584f66-7rghg
2025-05-22 06:53:58,37.0,sum by(chunk_owner) (mc_player_location),multipaper-server-5d4c584f66-7rghg
2025-05-22 06:53:59,37.0,sum by(chunk_owner) (mc_player_location),multipaper-server-5d4c584f66-7rghg
2025-05-22 06:54:00,38.0,sum by(chunk_owner) (mc_player_location),multipaper-server-5d4c584f66-7rghg
2025-05-22 06:54:01,37.0,sum by(chunk_owner) (mc_player_location),multipaper-server-5d4c584f66-7rghg
2025-05-22 06:54:02,37.0,sum by(chunk_owner) (mc_player_location),multipaper-server-5d4c584f66-7rghg
2025-05-22 06:54:03,36.0,sum by(chunk_owner) (mc_player_location),multipaper-server-5d4c584f66-7rghg
2025-05-22 06:54:04,35.0,sum by(chunk_owner) (mc_player_location),multipaper-server-5d4c584f66-7rghg
2025-05-22 06:54:05,35.0,sum by(chunk_owner) (mc_player_location),multipaper-server-5d4c584f66-7rghg
2025-05-22 06:54:06,34.0,sum by(chunk_owner) (mc_player_location),multipaper-server-5d4c584f66-7rghg
2025-05-22 06:54:07,36.0,sum by(chunk_owner) (mc_player_location),multipaper-server-5d4c584f66-7rghg
2025-05-22 06:54:08,35.0,sum by(chunk_owner) (mc_player_location),multipaper-server-5d4c584f66-7rghg
2025-05-22 06:54:09,34.0,sum by(chunk_owner) (mc_player_location),multipaper-server-5d4c584f66-7rghg
2025-05-22 06:54:10,34.0,sum by(chunk_owner) (mc_player_location),multipaper-server-5d4c584f66-7rghg
2025-05-22 06:54:11,32.0,sum by(chunk_owner) (mc_player_location),multipaper-server-5d4c584f66-7rghg
2025-05-22 06:54:12,32.0,sum by(chunk_owner) (mc_player_location),multipaper-server-5d4c584f66-7rghg
2025-05-22 06:54:13,32.0,sum by(chunk_owner) (mc_player_location),multipaper-server-5d4c584f66-7rghg
2025-05-22 06:54:14,33.0,sum by(chunk_owner) (mc_player_location),multipaper-server-5d4c584f66-7rghg
2025-05-22 06:54:15,30.0,sum by(chunk_owner) (mc_player_location),multipaper-server-5d4c584f66-7rghg
2025-05-22 06:54:16,33.0,sum by(chunk_owner) (mc_player_location),multipaper-server-5d4c584f66-7rghg
2025-05-22 06:54:17,35.0,sum by(chunk_owner) (mc_player_location),multipaper-server-5d4c584f66-7rghg
2025-05-22 06:54:18,34.0,sum by(chunk_owner) (mc_player_location),multipaper-server-5d4c584f66-7rghg
2025-05-22 06:54:19,34.0,sum by(chunk_owner) (mc_player_location),multipaper-server-5d4c584f66-7rghg
2025-05-22 06:54:20,34.0,sum by(chunk_owner) (mc_player_location),multipaper-server-5d4c584f66-7rghg
2025-05-22 06:54:21,33.0,sum by(chunk_owner) (mc_player_location),multipaper-server-5d4c584f66-7rghg
2025-05-22 06:54:22,33.0,sum by(chunk_owner) (mc_player_location),multipaper-server-5d4c584f66-7rghg
2025-05-22 06:54:23,34.0,sum by(chunk_owner) (mc_player_location),multipaper-server-5d4c584f66-7rghg
2025-05-22 06:54:24,36.0,sum by(chunk_owner) (mc_player_location),multipaper-server-5d4c584f66-7rghg
2025-05-22 06:54:25,34.0,sum by(chunk_owner) (mc_player_location),multipaper-server-5d4c584f66-7rghg
2025-05-22 06:54:26,34.0,sum by(chunk_owner) (mc_player_location),multipaper-server-5d4c584f66-7rghg
2025-05-22 06:54:27,35.0,sum by(chunk_owner) (mc_player_location),multipaper-server-5d4c584f66-7rghg
2025-05-22 06:54:28,35.0,sum by(chunk_owner) (mc_player_location),multipaper-server-5d4c584f66-7rghg
2025-05-22 06:54:29,34.0,sum by(chunk_owner) (mc_player_location),multipaper-server-5d4c584f66-7rghg
2025-05-22 06:54:30,33.0,sum by(chunk_owner) (mc_player_location),multipaper-server-5d4c584f66-7rghg
2025-05-22 06:54:31,33.0,sum by(chunk_owner) (mc_player_location),multipaper-server-5d4c584f66-7rghg
2025-05-22 06:54:32,30.0,sum by(chunk_owner) (mc_player_location),multipaper-server-5d4c584f66-7rghg
2025-05-22 06:54:33,30.0,sum by(chunk_owner) (mc_player_location),multipaper-server-5d4c584f66-7rghg
2025-05-22 06:54:34,31.0,sum by(chunk_owner) (mc_player_location),multipaper-server-5d4c584f66-7rghg
2025-05-22 06:54:35,31.0,sum by(chunk_owner) (mc_player_location),multipaper-server-5d4c584f66-7rghg
2025-05-22 06:54:36,31.0,sum by(chunk_owner) (mc_player_location),multipaper-server-5d4c584f66-7rghg
2025-05-22 06:54:37,32.0,sum by(chunk_owner) (mc_player_location),multipaper-server-5d4c584f66-7rghg
2025-05-22 06:54:38,32.0,sum by(chunk_owner) (mc_player_location),multipaper-server-5d4c584f66-7rghg
2025-05-22 06:54:39,31.0,sum by(chunk_owner) (mc_player_location),multipaper-server-5d4c584f66-7rghg
2025-05-22 06:54:40,30.0,sum by(chunk_owner) (mc_player_location),multipaper-server-5d4c584f66-7rghg
2025-05-22 06:54:41,31.0,sum by(chunk_owner) (mc_player_location),multipaper-server-5d4c584f66-7rghg
2025-05-22 06:54:42,30.0,sum by(chunk_owner) (mc_player_location),multipaper-server-5d4c584f66-7rghg
2025-05-22 06:54:43,28.0,sum by(chunk_owner) (mc_player_location),multipaper-server-5d4c584f66-7rghg
2025-05-22 06:54:44,29.0,sum by(chunk_owner) (mc_player_location),multipaper-server-5d4c584f66-7rghg
2025-05-22 06:54:45,28.0,sum by(chunk_owner) (mc_player_location),multipaper-server-5d4c584f66-7rghg
2025-05-22 06:54:46,28.0,sum by(chunk_owner) (mc_player_location),multipaper-server-5d4c584f66-7rghg
2025-05-22 06:54:47,27.0,sum by(chunk_owner) (mc_player_location),multipaper-server-5d4c584f66-7rghg
2025-05-22 06:54:48,28.0,sum by(chunk_owner) (mc_player_location),multipaper-server-5d4c584f66-7rghg
2025-05-22 06:54:49,28.0,sum by(chunk_owner) (mc_player_location),multipaper-server-5d4c584f66-7rghg
2025-05-22 06:54:50,28.0,sum by(chunk_owner) (mc_player_location),multipaper-server-5d4c584f66-7rghg
2025-05-22 06:54:51,28.0,sum by(chunk_owner) (mc_player_location),multipaper-server-5d4c584f66-7rghg
2025-05-22 06:54:52,31.0,sum by(chunk_owner) (mc_player_location),multipaper-server-5d4c584f66-7rghg
2025-05-22 06:54:53,32.0,sum by(chunk_owner) (mc_player_location),multipaper-server-5d4c584f66-7rghg
2025-05-22 06:54:54,32.0,sum by(chunk_owner) (mc_player_location),multipaper-server-5d4c584f66-7rghg
2025-05-22 06:54:55,32.0,sum by(chunk_owner) (mc_player_location),multipaper-server-5d4c584f66-7rghg
2025-05-22 06:54:56,32.0,sum by(chunk_owner) (mc_player_location),multipaper-server-5d4c584f66-7rghg
2025-05-22 06:54:57,32.0,sum by(chunk_owner) (mc_player_location),multipaper-server-5d4c584f66-7rghg
2025-05-22 06:54:58,32.0,sum by(chunk_owner) (mc_player_location),multipaper-server-5d4c584f66-7rghg
2025-05-22 06:54:59,32.0,sum by(chunk_owner) (mc_player_location),multipaper-server-5d4c584f66-7rghg
2025-05-22 06:55:00,34.0,sum by(chunk_owner) (mc_player_location),multipaper-server-5d4c584f66-7rghg
2025-05-22 06:55:01,34.0,sum by(chunk_owner) (mc_player_location),multipaper-server-5d4c584f66-7rghg
2025-05-22 06:55:02,34.0,sum by(chunk_owner) (mc_player_location),multipaper-server-5d4c584f66-7rghg
2025-05-22 06:55:03,33.0,sum by(chunk_owner) (mc_player_location),multipaper-server-5d4c584f66-7rghg
2025-05-22 06:55:04,33.0,sum by(chunk_owner) (mc_player_location),multipaper-server-5d4c584f66-7rghg
2025-05-22 06:55:05,33.0,sum by(chunk_owner) (mc_player_location),multipaper-server-5d4c584f66-7rghg
2025-05-22 06:55:06,34.0,sum by(chunk_owner) (mc_player_location),multipaper-server-5d4c584f66-7rghg
2025-05-22 06:55:07,34.0,sum by(chunk_owner) (mc_player_location),multipaper-server-5d4c584f66-7rghg
2025-05-22 06:55:08,35.0,sum by(chunk_owner) (mc_player_location),multipaper-server-5d4c584f66-7rghg
2025-05-22 06:55:09,35.0,sum by(chunk_owner) (mc_player_location),multipaper-server-5d4c584f66-7rghg
2025-05-22 06:55:10,36.0,sum by(chunk_owner) (mc_player_location),multipaper-server-5d4c584f66-7rghg
2025-05-22 06:55:11,36.0,sum by(chunk_owner) (mc_player_location),multipaper-server-5d4c584f66-7rghg
2025-05-22 06:55:12,36.0,sum by(chunk_owner) (mc_player_location),multipaper-server-5d4c584f66-7rghg
2025-05-22 06:55:13,34.0,sum by(chunk_owner) (mc_player_location),multipaper-server-5d4c584f66-7rghg
2025-05-22 06:55:14,35.0,sum by(chunk_owner) (mc_player_location),multipaper-server-5d4c584f66-7rghg
2025-05-22 06:55:15,35.0,sum by(chunk_owner) (mc_player_location),multipaper-server-5d4c584f66-7rghg
2025-05-22 06:55:16,33.0,sum by(chunk_owner) (mc_player_location),multipaper-server-5d4c584f66-7rghg
2025-05-22 06:55:17,34.0,sum by(chunk_owner) (mc_player_location),multipaper-server-5d4c584f66-7rghg
2025-05-22 06:55:18,37.0,sum by(chunk_owner) (mc_player_location),multipaper-server-5d4c584f66-7rghg
2025-05-22 06:55:19,36.0,sum by(chunk_owner) (mc_player_location),multipaper-server-5d4c584f66-7rghg
2025-05-22 06:55:20,36.0,sum by(chunk_owner) (mc_player_location),multipaper-server-5d4c584f66-7rghg
2025-05-22 06:55:21,35.0,sum by(chunk_owner) (mc_player_location),multipaper-server-5d4c584f66-7rghg
2025-05-22 06:55:22,34.0,sum by(chunk_owner) (mc_player_location),multipaper-server-5d4c584f66-7rghg
2025-05-22 06:55:23,34.0,sum by(chunk_owner) (mc_player_location),multipaper-server-5d4c584f66-7rghg
2025-05-22 06:55:24,33.0,sum by(chunk_owner) (mc_player_location),multipaper-server-5d4c584f66-7rghg
2025-05-22 06:55:25,33.0,sum by(chunk_owner) (mc_player_location),multipaper-server-5d4c584f66-7rghg
2025-05-22 06:55:26,32.0,sum by(chunk_owner) (mc_player_location),multipaper-server-5d4c584f66-7rghg
2025-05-22 06:55:27,33.0,sum by(chunk_owner) (mc_player_location),multipaper-server-5d4c584f66-7rghg
2025-05-22 06:55:28,32.0,sum by(chunk_owner) (mc_player_location),multipaper-server-5d4c584f66-7rghg
2025-05-22 06:55:29,32.0,sum by(chunk_owner) (mc_player_location),multipaper-server-5d4c584f66-7rghg
2025-05-22 06:55:30,31.0,sum by(chunk_owner) (mc_player_location),multipaper-server-5d4c584f66-7rghg
2025-05-22 06:55:31,32.0,sum by(chunk_owner) (mc_player_location),multipaper-server-5d4c584f66-7rghg
2025-05-22 06:55:32,31.0,sum by(chunk_owner) (mc_player_location),multipaper-server-5d4c584f66-7rghg
2025-05-22 06:55:33,31.0,sum by(chunk_owner) (mc_player_location),multipaper-server-5d4c584f66-7rghg
2025-05-22 06:55:34,31.0,sum by(chunk_owner) (mc_player_location),multipaper-server-5d4c584f66-7rghg
2025-05-22 06:55:35,32.0,sum by(chunk_owner) (mc_player_location),multipaper-server-5d4c584f66-7rghg
2025-05-22 06:55:36,31.0,sum by(chunk_owner) (mc_player_location),multipaper-server-5d4c584f66-7rghg
2025-05-22 06:55:37,31.0,sum by(chunk_owner) (mc_player_location),multipaper-server-5d4c584f66-7rghg
2025-05-22 06:55:38,31.0,sum by(chunk_owner) (mc_player_location),multipaper-server-5d4c584f66-7rghg
2025-05-22 06:55:39,31.0,sum by(chunk_owner) (mc_player_location),multipaper-server-5d4c584f66-7rghg
2025-05-22 06:55:40,32.0,sum by(chunk_owner) (mc_player_location),multipaper-server-5d4c584f66-7rghg
2025-05-22 06:55:41,31.0,sum by(chunk_owner) (mc_player_location),multipaper-server-5d4c584f66-7rghg
2025-05-22 06:55:42,31.0,sum by(chunk_owner) (mc_player_location),multipaper-server-5d4c584f66-7rghg
2025-05-22 06:55:43,33.0,sum by(chunk_owner) (mc_player_location),multipaper-server-5d4c584f66-7rghg
2025-05-22 06:55:44,33.0,sum by(chunk_owner) (mc_player_location),multipaper-server-5d4c584f66-7rghg
2025-05-22 06:55:45,33.0,sum by(chunk_owner) (mc_player_location),multipaper-server-5d4c584f66-7rghg
2025-05-22 06:55:46,34.0,sum by(chunk_owner) (mc_player_location),multipaper-server-5d4c584f66-7rghg
2025-05-22 06:55:47,32.0,sum by(chunk_owner) (mc_player_location),multipaper-server-5d4c584f66-7rghg
2025-05-22 06:55:48,33.0,sum by(chunk_owner) (mc_player_location),multipaper-server-5d4c584f66-7rghg
2025-05-22 06:55:49,32.0,sum by(chunk_owner) (mc_player_location),multipaper-server-5d4c584f66-7rghg
2025-05-22 06:55:50,32.0,sum by(chunk_owner) (mc_player_location),multipaper-server-5d4c584f66-7rghg
2025-05-22 06:55:51,35.0,sum by(chunk_owner) (mc_player_location),multipaper-server-5d4c584f66-7rghg
2025-05-22 06:55:52,34.0,sum by(chunk_owner) (mc_player_location),multipaper-server-5d4c584f66-7rghg
2025-05-22 06:55:53,34.0,sum by(chunk_owner) (mc_player_location),multipaper-server-5d4c584f66-7rghg
2025-05-22 06:55:54,35.0,sum by(chunk_owner) (mc_player_location),multipaper-server-5d4c584f66-7rghg
2025-05-22 06:55:55,35.0,sum by(chunk_owner) (mc_player_location),multipaper-server-5d4c584f66-7rghg
2025-05-22 06:55:56,38.0,sum by(chunk_owner) (mc_player_location),multipaper-server-5d4c584f66-7rghg
2025-05-22 06:55:57,38.0,sum by(chunk_owner) (mc_player_location),multipaper-server-5d4c584f66-7rghg
2025-05-22 06:55:58,40.0,sum by(chunk_owner) (mc_player_location),multipaper-server-5d4c584f66-7rghg
2025-05-22 06:55:59,40.0,sum by(chunk_owner) (mc_player_location),multipaper-server-5d4c584f66-7rghg
2025-05-22 06:56:00,39.0,sum by(chunk_owner) (mc_player_location),multipaper-server-5d4c584f66-7rghg
2025-05-22 06:56:01,39.0,sum by(chunk_owner) (mc_player_location),multipaper-server-5d4c584f66-7rghg
2025-05-22 06:56:02,39.0,sum by(chunk_owner) (mc_player_location),multipaper-server-5d4c584f66-7rghg
2025-05-22 06:56:03,40.0,sum by(chunk_owner) (mc_player_location),multipaper-server-5d4c584f66-7rghg
2025-05-22 06:56:04,40.0,sum by(chunk_owner) (mc_player_location),multipaper-server-5d4c584f66-7rghg
2025-05-22 06:56:05,41.0,sum by(chunk_owner) (mc_player_location),multipaper-server-5d4c584f66-7rghg
2025-05-22 06:56:06,40.0,sum by(chunk_owner) (mc_player_location),multipaper-server-5d4c584f66-7rghg
2025-05-22 06:56:07,40.0,sum by(chunk_owner) (mc_player_location),multipaper-server-5d4c584f66-7rghg
2025-05-22 06:56:08,40.0,sum by(chunk_owner) (mc_player_location),multipaper-server-5d4c584f66-7rghg
2025-05-22 06:56:09,40.0,sum by(chunk_owner) (mc_player_location),multipaper-server-5d4c584f66-7rghg
2025-05-22 06:56:10,40.0,sum by(chunk_owner) (mc_player_location),multipaper-server-5d4c584f66-7rghg
2025-05-22 06:56:11,40.0,sum by(chunk_owner) (mc_player_location),multipaper-server-5d4c584f66-7rghg
2025-05-22 06:56:12,39.0,sum by(chunk_owner) (mc_player_location),multipaper-server-5d4c584f66-7rghg
2025-05-22 06:56:13,38.0,sum by(chunk_owner) (mc_player_location),multipaper-server-5d4c584f66-7rghg
2025-05-22 06:56:14,38.0,sum by(chunk_owner) (mc_player_location),multipaper-server-5d4c584f66-7rghg
2025-05-22 06:56:15,38.0,sum by(chunk_owner) (mc_player_location),multipaper-server-5d4c584f66-7rghg
2025-05-22 06:56:16,36.0,sum by(chunk_owner) (mc_player_location),multipaper-server-5d4c584f66-7rghg
2025-05-22 06:56:17,37.0,sum by(chunk_owner) (mc_player_location),multipaper-server-5d4c584f66-7rghg
2025-05-22 06:56:18,37.0,sum by(chunk_owner) (mc_player_location),multipaper-server-5d4c584f66-7rghg
2025-05-22 06:56:19,37.0,sum by(chunk_owner) (mc_player_location),multipaper-server-5d4c584f66-7rghg
2025-05-22 06:56:20,35.0,sum by(chunk_owner) (mc_player_location),multipaper-server-5d4c584f66-7rghg
2025-05-22 06:56:21,34.0,sum by(chunk_owner) (mc_player_location),multipaper-server-5d4c584f66-7rghg
2025-05-22 06:56:22,33.0,sum by(chunk_owner) (mc_player_location),multipaper-server-5d4c584f66-7rghg
2025-05-22 06:56:23,33.0,sum by(chunk_owner) (mc_player_location),multipaper-server-5d4c584f66-7rghg
2025-05-22 06:56:24,33.0,sum by(chunk_owner) (mc_player_location),multipaper-server-5d4c584f66-7rghg
2025-05-22 06:56:25,33.0,sum by(chunk_owner) (mc_player_location),multipaper-server-5d4c584f66-7rghg
2025-05-22 06:56:26,32.0,sum by(chunk_owner) (mc_player_location),multipaper-server-5d4c584f66-7rghg
2025-05-22 06:56:27,30.0,sum by(chunk_owner) (mc_player_location),multipaper-server-5d4c584f66-7rghg
2025-05-22 06:56:28,30.0,sum by(chunk_owner) (mc_player_location),multipaper-server-5d4c584f66-7rghg
2025-05-22 06:56:29,30.0,sum by(chunk_owner) (mc_player_location),multipaper-server-5d4c584f66-7rghg
2025-05-22 06:56:30,31.0,sum by(chunk_owner) (mc_player_location),multipaper-server-5d4c584f66-7rghg
2025-05-22 06:56:31,31.0,sum by(chunk_owner) (mc_player_location),multipaper-server-5d4c584f66-7rghg
2025-05-22 06:56:32,33.0,sum by(chunk_owner) (mc_player_location),multipaper-server-5d4c584f66-7rghg
2025-05-22 06:56:33,32.0,sum by(chunk_owner) (mc_player_location),multipaper-server-5d4c584f66-7rghg
2025-05-22 06:56:34,32.0,sum by(chunk_owner) (mc_player_location),multipaper-server-5d4c584f66-7rghg
2025-05-22 06:56:35,30.0,sum by(chunk_owner) (mc_player_location),multipaper-server-5d4c584f66-7rghg
2025-05-22 06:56:36,30.0,sum by(chunk_owner) (mc_player_location),multipaper-server-5d4c584f66-7rghg
2025-05-22 06:56:37,30.0,sum by(chunk_owner) (mc_player_location),multipaper-server-5d4c584f66-7rghg
2025-05-22 06:56:38,30.0,sum by(chunk_owner) (mc_player_location),multipaper-server-5d4c584f66-7rghg
2025-05-22 06:56:39,31.0,sum by(chunk_owner) (mc_player_location),multipaper-server-5d4c584f66-7rghg
2025-05-22 06:56:40,32.0,sum by(chunk_owner) (mc_player_location),multipaper-server-5d4c584f66-7rghg
2025-05-22 06:56:41,32.0,sum by(chunk_owner) (mc_player_location),multipaper-server-5d4c584f66-7rghg
2025-05-22 06:56:42,32.0,sum by(chunk_owner) (mc_player_location),multipaper-server-5d4c584f66-7rghg
2025-05-22 06:56:43,33.0,sum by(chunk_owner) (mc_player_location),multipaper-server-5d4c584f66-7rghg
2025-05-22 06:56:44,33.0,sum by(chunk_owner) (mc_player_location),multipaper-server-5d4c584f66-7rghg
2025-05-22 06:56:45,33.0,sum by(chunk_owner) (mc_player_location),multipaper-server-5d4c584f66-7rghg
2025-05-22 06:56:46,34.0,sum by(chunk_owner) (mc_player_location),multipaper-server-5d4c584f66-7rghg
2025-05-22 06:56:47,34.0,sum by(chunk_owner) (mc_player_location),multipaper-server-5d4c584f66-7rghg
2025-05-22 06:56:48,36.0,sum by(chunk_owner) (mc_player_location),multipaper-server-5d4c584f66-7rghg
2025-05-22 06:56:49,35.0,sum by(chunk_owner) (mc_player_location),multipaper-server-5d4c584f66-7rghg
2025-05-22 06:56:50,34.0,sum by(chunk_owner) (mc_player_location),multipaper-server-5d4c584f66-7rghg
2025-05-22 06:56:51,34.0,sum by(chunk_owner) (mc_player_location),multipaper-server-5d4c584f66-7rghg
2025-05-22 06:56:52,35.0,sum by(chunk_owner) (mc_player_location),multipaper-server-5d4c584f66-7rghg
2025-05-22 06:56:53,36.0,sum by(chunk_owner) (mc_player_location),multipaper-server-5d4c584f66-7rghg
2025-05-22 06:56:54,35.0,sum by(chunk_owner) (mc_player_location),multipaper-server-5d4c584f66-7rghg
2025-05-22 06:56:55,34.0,sum by(chunk_owner) (mc_player_location),multipaper-server-5d4c584f66-7rghg
2025-05-22 06:56:56,34.0,sum by(chunk_owner) (mc_player_location),multipaper-server-5d4c584f66-7rghg
2025-05-22 06:56:57,34.0,sum by(chunk_owner) (mc_player_location),multipaper-server-5d4c584f66-7rghg
2025-05-22 06:56:58,34.0,sum by(chunk_owner) (mc_player_location),multipaper-server-5d4c584f66-7rghg
2025-05-22 06:56:59,34.0,sum by(chunk_owner) (mc_player_location),multipaper-server-5d4c584f66-7rghg
2025-05-22 06:57:00,34.0,sum by(chunk_owner) (mc_player_location),multipaper-server-5d4c584f66-7rghg
2025-05-22 06:57:01,33.0,sum by(chunk_owner) (mc_player_location),multipaper-server-5d4c584f66-7rghg
2025-05-22 06:57:02,33.0,sum by(chunk_owner) (mc_player_location),multipaper-server-5d4c584f66-7rghg
2025-05-22 06:57:03,33.0,sum by(chunk_owner) (mc_player_location),multipaper-server-5d4c584f66-7rghg
2025-05-22 06:57:04,33.0,sum by(chunk_owner) (mc_player_location),multipaper-server-5d4c584f66-7rghg
2025-05-22 06:57:05,34.0,sum by(chunk_owner) (mc_player_location),multipaper-server-5d4c584f66-7rghg
2025-05-22 06:57:06,34.0,sum by(chunk_owner) (mc_player_location),multipaper-server-5d4c584f66-7rghg
2025-05-22 06:57:07,33.0,sum by(chunk_owner) (mc_player_location),multipaper-server-5d4c584f66-7rghg
2025-05-22 06:57:08,35.0,sum by(chunk_owner) (mc_player_location),multipaper-server-5d4c584f66-7rghg
2025-05-22 06:57:09,34.0,sum by(chunk_owner) (mc_player_location),multipaper-server-5d4c584f66-7rghg
2025-05-22 06:57:10,34.0,sum by(chunk_owner) (mc_player_location),multipaper-server-5d4c584f66-7rghg
2025-05-22 06:57:11,33.0,sum by(chunk_owner) (mc_player_location),multipaper-server-5d4c584f66-7rghg
2025-05-22 06:57:12,33.0,sum by(chunk_owner) (mc_player_location),multipaper-server-5d4c584f66-7rghg
2025-05-22 06:57:13,32.0,sum by(chunk_owner) (mc_player_location),multipaper-server-5d4c584f66-7rghg
2025-05-22 06:57:14,32.0,sum by(chunk_owner) (mc_player_location),multipaper-server-5d4c584f66-7rghg
2025-05-22 06:57:15,32.0,sum by(chunk_owner) (mc_player_location),multipaper-server-5d4c584f66-7rghg
2025-05-22 06:57:16,32.0,sum by(chunk_owner) (mc_player_location),multipaper-server-5d4c584f66-7rghg
2025-05-22 06:57:17,32.0,sum by(chunk_owner) (mc_player_location),multipaper-server-5d4c584f66-7rghg
2025-05-22 06:57:18,32.0,sum by(chunk_owner) (mc_player_location),multipaper-server-5d4c584f66-7rghg
2025-05-22 06:57:19,33.0,sum by(chunk_owner) (mc_player_location),multipaper-server-5d4c584f66-7rghg
2025-05-22 06:57:20,33.0,sum by(chunk_owner) (mc_player_location),multipaper-server-5d4c584f66-7rghg
2025-05-22 06:57:21,34.0,sum by(chunk_owner) (mc_player_location),multipaper-server-5d4c584f66-7rghg
2025-05-22 06:57:22,35.0,sum by(chunk_owner) (mc_player_location),multipaper-server-5d4c584f66-7rghg
2025-05-22 06:57:23,36.0,sum by(chunk_owner) (mc_player_location),multipaper-server-5d4c584f66-7rghg
2025-05-22 06:57:24,34.0,sum by(chunk_owner) (mc_player_location),multipaper-server-5d4c584f66-7rghg
2025-05-22 06:57:25,34.0,sum by(chunk_owner) (mc_player_location),multipaper-server-5d4c584f66-7rghg
2025-05-22 06:57:26,34.0,sum by(chunk_owner) (mc_player_location),multipaper-server-5d4c584f66-7rghg
2025-05-22 06:57:27,32.0,sum by(chunk_owner) (mc_player_location),multipaper-server-5d4c584f66-7rghg
2025-05-22 06:57:28,32.0,sum by(chunk_owner) (mc_player_location),multipaper-server-5d4c584f66-7rghg
2025-05-22 06:57:29,30.0,sum by(chunk_owner) (mc_player_location),multipaper-server-5d4c584f66-7rghg
2025-05-22 06:57:30,29.0,sum by(chunk_owner) (mc_player_location),multipaper-server-5d4c584f66-7rghg
2025-05-22 06:57:31,29.0,sum by(chunk_owner) (mc_player_location),multipaper-server-5d4c584f66-7rghg
2025-05-22 06:57:32,29.0,sum by(chunk_owner) (mc_player_location),multipaper-server-5d4c584f66-7rghg
2025-05-22 06:57:33,29.0,sum by(chunk_owner) (mc_player_location),multipaper-server-5d4c584f66-7rghg
2025-05-22 06:57:34,29.0,sum by(chunk_owner) (mc_player_location),multipaper-server-5d4c584f66-7rghg
2025-05-22 06:57:35,29.0,sum by(chunk_owner) (mc_player_location),multipaper-server-5d4c584f66-7rghg
2025-05-22 06:57:36,29.0,sum by(chunk_owner) (mc_player_location),multipaper-server-5d4c584f66-7rghg
2025-05-22 06:57:37,30.0,sum by(chunk_owner) (mc_player_location),multipaper-server-5d4c584f66-7rghg
2025-05-22 06:57:38,33.0,sum by(chunk_owner) (mc_player_location),multipaper-server-5d4c584f66-7rghg
2025-05-22 06:57:39,33.0,sum by(chunk_owner) (mc_player_location),multipaper-server-5d4c584f66-7rghg
2025-05-22 06:57:40,32.0,sum by(chunk_owner) (mc_player_location),multipaper-server-5d4c584f66-7rghg
2025-05-22 06:57:41,32.0,sum by(chunk_owner) (mc_player_location),multipaper-server-5d4c584f66-7rghg
2025-05-22 06:57:42,31.0,sum by(chunk_owner) (mc_player_location),multipaper-server-5d4c584f66-7rghg
2025-05-22 06:57:43,31.0,sum by(chunk_owner) (mc_player_location),multipaper-server-5d4c584f66-7rghg
2025-05-22 06:57:44,31.0,sum by(chunk_owner) (mc_player_location),multipaper-server-5d4c584f66-7rghg
2025-05-22 06:57:45,31.0,sum by(chunk_owner) (mc_player_location),multipaper-server-5d4c584f66-7rghg
2025-05-22 06:57:46,31.0,sum by(chunk_owner) (mc_player_location),multipaper-server-5d4c584f66-7rghg
2025-05-22 06:57:47,31.0,sum by(chunk_owner) (mc_player_location),multipaper-server-5d4c584f66-7rghg
2025-05-22 06:57:48,31.0,sum by(chunk_owner) (mc_player_location),multipaper-server-5d4c584f66-7rghg
2025-05-22 06:57:49,31.0,sum by(chunk_owner) (mc_player_location),multipaper-server-5d4c584f66-7rghg
2025-05-22 06:57:50,29.0,sum by(chunk_owner) (mc_player_location),multipaper-server-5d4c584f66-7rghg
2025-05-22 06:57:51,30.0,sum by(chunk_owner) (mc_player_location),multipaper-server-5d4c584f66-7rghg
2025-05-22 06:57:52,31.0,sum by(chunk_owner) (mc_player_location),multipaper-server-5d4c584f66-7rghg
2025-05-22 06:57:53,30.0,sum by(chunk_owner) (mc_player_location),multipaper-server-5d4c584f66-7rghg
2025-05-22 06:57:54,30.0,sum by(chunk_owner) (mc_player_location),multipaper-server-5d4c584f66-7rghg
2025-05-22 06:57:55,30.0,sum by(chunk_owner) (mc_player_location),multipaper-server-5d4c584f66-7rghg
2025-05-22 06:57:56,30.0,sum by(chunk_owner) (mc_player_location),multipaper-server-5d4c584f66-7rghg
2025-05-22 06:57:57,30.0,sum by(chunk_owner) (mc_player_location),multipaper-server-5d4c584f66-7rghg
2025-05-22 06:57:58,28.0,sum by(chunk_owner) (mc_player_location),multipaper-server-5d4c584f66-7rghg
2025-05-22 06:57:59,28.0,sum by(chunk_owner) (mc_player_location),multipaper-server-5d4c584f66-7rghg
2025-05-22 06:58:00,28.0,sum by(chunk_owner) (mc_player_location),multipaper-server-5d4c584f66-7rghg
2025-05-22 06:58:01,27.0,sum by(chunk_owner) (mc_player_location),multipaper-server-5d4c584f66-7rghg
2025-05-22 06:58:02,28.0,sum by(chunk_owner) (mc_player_location),multipaper-server-5d4c584f66-7rghg
2025-05-22 06:58:03,29.0,sum by(chunk_owner) (mc_player_location),multipaper-server-5d4c584f66-7rghg
2025-05-22 06:58:04,29.0,sum by(chunk_owner) (mc_player_location),multipaper-server-5d4c584f66-7rghg
2025-05-22 06:58:05,29.0,sum by(chunk_owner) (mc_player_location),multipaper-server-5d4c584f66-7rghg
2025-05-22 06:58:06,29.0,sum by(chunk_owner) (mc_player_location),multipaper-server-5d4c584f66-7rghg
2025-05-22 06:58:07,29.0,sum by(chunk_owner) (mc_player_location),multipaper-server-5d4c584f66-7rghg
2025-05-22 06:58:08,31.0,sum by(chunk_owner) (mc_player_location),multipaper-server-5d4c584f66-7rghg
2025-05-22 06:58:09,31.0,sum by(chunk_owner) (mc_player_location),multipaper-server-5d4c584f66-7rghg
2025-05-22 06:58:10,31.0,sum by(chunk_owner) (mc_player_location),multipaper-server-5d4c584f66-7rghg
2025-05-22 06:58:11,31.0,sum by(chunk_owner) (mc_player_location),multipaper-server-5d4c584f66-7rghg
2025-05-22 06:58:12,32.0,sum by(chunk_owner) (mc_player_location),multipaper-server-5d4c584f66-7rghg
2025-05-22 06:58:13,29.0,sum by(chunk_owner) (mc_player_location),multipaper-server-5d4c584f66-7rghg
2025-05-22 06:58:14,29.0,sum by(chunk_owner) (mc_player_location),multipaper-server-5d4c584f66-7rghg
2025-05-22 06:58:15,30.0,sum by(chunk_owner) (mc_player_location),multipaper-server-5d4c584f66-7rghg
2025-05-22 06:58:16,30.0,sum by(chunk_owner) (mc_player_location),multipaper-server-5d4c584f66-7rghg
2025-05-22 06:58:17,26.0,sum by(chunk_owner) (mc_player_location),multipaper-server-5d4c584f66-7rghg
2025-05-22 06:58:18,27.0,sum by(chunk_owner) (mc_player_location),multipaper-server-5d4c584f66-7rghg
2025-05-22 06:58:19,28.0,sum by(chunk_owner) (mc_player_location),multipaper-server-5d4c584f66-7rghg
2025-05-22 06:58:20,29.0,sum by(chunk_owner) (mc_player_location),multipaper-server-5d4c584f66-7rghg
2025-05-22 06:58:21,29.0,sum by(chunk_owner) (mc_player_location),multipaper-server-5d4c584f66-7rghg
2025-05-22 06:58:22,30.0,sum by(chunk_owner) (mc_player_location),multipaper-server-5d4c584f66-7rghg
2025-05-22 06:58:23,30.0,sum by(chunk_owner) (mc_player_location),multipaper-server-5d4c584f66-7rghg
2025-05-22 06:58:24,31.0,sum by(chunk_owner) (mc_player_location),multipaper-server-5d4c584f66-7rghg
2025-05-22 06:58:25,30.0,sum by(chunk_owner) (mc_player_location),multipaper-server-5d4c584f66-7rghg
2025-05-22 06:58:26,29.0,sum by(chunk_owner) (mc_player_location),multipaper-server-5d4c584f66-7rghg
2025-05-22 06:58:27,29.0,sum by(chunk_owner) (mc_player_location),multipaper-server-5d4c584f66-7rghg
2025-05-22 06:58:28,32.0,sum by(chunk_owner) (mc_player_location),multipaper-server-5d4c584f66-7rghg
2025-05-22 06:58:29,33.0,sum by(chunk_owner) (mc_player_location),multipaper-server-5d4c584f66-7rghg
2025-05-22 06:58:30,33.0,sum by(chunk_owner) (mc_player_location),multipaper-server-5d4c584f66-7rghg
2025-05-22 06:58:31,33.0,sum by(chunk_owner) (mc_player_location),multipaper-server-5d4c584f66-7rghg
2025-05-22 06:58:32,33.0,sum by(chunk_owner) (mc_player_location),multipaper-server-5d4c584f66-7rghg
2025-05-22 06:58:33,33.0,sum by(chunk_owner) (mc_player_location),multipaper-server-5d4c584f66-7rghg
2025-05-22 06:58:34,33.0,sum by(chunk_owner) (mc_player_location),multipaper-server-5d4c584f66-7rghg
2025-05-22 06:58:35,20.0,sum by(chunk_owner) (mc_player_location),multipaper-server-5d4c584f66-7rghg
2025-05-22 06:51:00,1.0,sum by(chunk_owner) (mc_player_location),multipaper-server-5d4c584f66-rgslp
2025-05-22 06:51:01,2.0,sum by(chunk_owner) (mc_player_location),multipaper-server-5d4c584f66-rgslp
2025-05-22 06:51:02,2.0,sum by(chunk_owner) (mc_player_location),multipaper-server-5d4c584f66-rgslp
2025-05-22 06:51:03,3.0,sum by(chunk_owner) (mc_player_location),multipaper-server-5d4c584f66-rgslp
2025-05-22 06:51:04,3.0,sum by(chunk_owner) (mc_player_location),multipaper-server-5d4c584f66-rgslp
2025-05-22 06:51:05,3.0,sum by(chunk_owner) (mc_player_location),multipaper-server-5d4c584f66-rgslp
2025-05-22 06:51:06,4.0,sum by(chunk_owner) (mc_player_location),multipaper-server-5d4c584f66-rgslp
2025-05-22 06:51:07,4.0,sum by(chunk_owner) (mc_player_location),multipaper-server-5d4c584f66-rgslp
2025-05-22 06:51:08,5.0,sum by(chunk_owner) (mc_player_location),multipaper-server-5d4c584f66-rgslp
2025-05-22 06:51:09,5.0,sum by(chunk_owner) (mc_player_location),multipaper-server-5d4c584f66-rgslp
2025-05-22 06:51:10,6.0,sum by(chunk_owner) (mc_player_location),multipaper-server-5d4c584f66-rgslp
2025-05-22 06:51:11,6.0,sum by(chunk_owner) (mc_player_location),multipaper-server-5d4c584f66-rgslp
2025-05-22 06:51:12,7.0,sum by(chunk_owner) (mc_player_location),multipaper-server-5d4c584f66-rgslp
2025-05-22 06:51:13,8.0,sum by(chunk_owner) (mc_player_location),multipaper-server-5d4c584f66-rgslp
2025-05-22 06:51:14,8.0,sum by(chunk_owner) (mc_player_location),multipaper-server-5d4c584f66-rgslp
2025-05-22 06:51:15,9.0,sum by(chunk_owner) (mc_player_location),multipaper-server-5d4c584f66-rgslp
2025-05-22 06:51:16,9.0,sum by(chunk_owner) (mc_player_location),multipaper-server-5d4c584f66-rgslp
2025-05-22 06:51:17,10.0,sum by(chunk_owner) (mc_player_location),multipaper-server-5d4c584f66-rgslp
2025-05-22 06:51:18,10.0,sum by(chunk_owner) (mc_player_location),multipaper-server-5d4c584f66-rgslp
2025-05-22 06:51:19,10.0,sum by(chunk_owner) (mc_player_location),multipaper-server-5d4c584f66-rgslp
2025-05-22 06:51:20,10.0,sum by(chunk_owner) (mc_player_location),multipaper-server-5d4c584f66-rgslp
2025-05-22 06:51:21,10.0,sum by(chunk_owner) (mc_player_location),multipaper-server-5d4c584f66-rgslp
2025-05-22 06:51:22,10.0,sum by(chunk_owner) (mc_player_location),multipaper-server-5d4c584f66-rgslp
2025-05-22 06:51:23,10.0,sum by(chunk_owner) (mc_player_location),multipaper-server-5d4c584f66-rgslp
2025-05-22 06:51:24,10.0,sum by(chunk_owner) (mc_player_location),multipaper-server-5d4c584f66-rgslp
2025-05-22 06:51:25,10.0,sum by(chunk_owner) (mc_player_location),multipaper-server-5d4c584f66-rgslp
2025-05-22 06:51:26,10.0,sum by(chunk_owner) (mc_player_location),multipaper-server-5d4c584f66-rgslp
2025-05-22 06:51:27,10.0,sum by(chunk_owner) (mc_player_location),multipaper-server-5d4c584f66-rgslp
2025-05-22 06:51:28,11.0,sum by(chunk_owner) (mc_player_location),multipaper-server-5d4c584f66-rgslp
2025-05-22 06:51:29,11.0,sum by(chunk_owner) (mc_player_location),multipaper-server-5d4c584f66-rgslp
2025-05-22 06:51:30,11.0,sum by(chunk_owner) (mc_player_location),multipaper-server-5d4c584f66-rgslp
2025-05-22 06:51:31,12.0,sum by(chunk_owner) (mc_player_location),multipaper-server-5d4c584f66-rgslp
2025-05-22 06:51:32,12.0,sum by(chunk_owner) (mc_player_location),multipaper-server-5d4c584f66-rgslp
2025-05-22 06:51:33,12.0,sum by(chunk_owner) (mc_player_location),multipaper-server-5d4c584f66-rgslp
2025-05-22 06:51:34,12.0,sum by(chunk_owner) (mc_player_location),multipaper-server-5d4c584f66-rgslp
2025-05-22 06:51:35,12.0,sum by(chunk_owner) (mc_player_location),multipaper-server-5d4c584f66-rgslp
2025-05-22 06:51:36,12.0,sum by(chunk_owner) (mc_player_location),multipaper-server-5d4c584f66-rgslp
2025-05-22 06:51:37,13.0,sum by(chunk_owner) (mc_player_location),multipaper-server-5d4c584f66-rgslp
2025-05-22 06:51:38,14.0,sum by(chunk_owner) (mc_player_location),multipaper-server-5d4c584f66-rgslp
2025-05-22 06:51:39,14.0,sum by(chunk_owner) (mc_player_location),multipaper-server-5d4c584f66-rgslp
2025-05-22 06:51:40,14.0,sum by(chunk_owner) (mc_player_location),multipaper-server-5d4c584f66-rgslp
2025-05-22 06:51:41,13.0,sum by(chunk_owner) (mc_player_location),multipaper-server-5d4c584f66-rgslp
2025-05-22 06:51:42,15.0,sum by(chunk_owner) (mc_player_location),multipaper-server-5d4c584f66-rgslp
2025-05-22 06:51:43,15.0,sum by(chunk_owner) (mc_player_location),multipaper-server-5d4c584f66-rgslp
2025-05-22 06:51:44,15.0,sum by(chunk_owner) (mc_player_location),multipaper-server-5d4c584f66-rgslp
2025-05-22 06:51:45,12.0,sum by(chunk_owner) (mc_player_location),multipaper-server-5d4c584f66-rgslp
2025-05-22 06:51:46,12.0,sum by(chunk_owner) (mc_player_location),multipaper-server-5d4c584f66-rgslp
2025-05-22 06:51:47,12.0,sum by(chunk_owner) (mc_player_location),multipaper-server-5d4c584f66-rgslp
2025-05-22 06:51:48,12.0,sum by(chunk_owner) (mc_player_location),multipaper-server-5d4c584f66-rgslp
2025-05-22 06:51:49,12.0,sum by(chunk_owner) (mc_player_location),multipaper-server-5d4c584f66-rgslp
2025-05-22 06:51:50,13.0,sum by(chunk_owner) (mc_player_location),multipaper-server-5d4c584f66-rgslp
2025-05-22 06:51:51,14.0,sum by(chunk_owner) (mc_player_location),multipaper-server-5d4c584f66-rgslp
2025-05-22 06:51:52,15.0,sum by(chunk_owner) (mc_player_location),multipaper-server-5d4c584f66-rgslp
2025-05-22 06:51:53,15.0,sum by(chunk_owner) (mc_player_location),multipaper-server-5d4c584f66-rgslp
2025-05-22 06:51:54,15.0,sum by(chunk_owner) (mc_player_location),multipaper-server-5d4c584f66-rgslp
2025-05-22 06:51:55,14.0,sum by(chunk_owner) (mc_player_location),multipaper-server-5d4c584f66-rgslp
2025-05-22 06:51:56,14.0,sum by(chunk_owner) (mc_player_location),multipaper-server-5d4c584f66-rgslp
2025-05-22 06:51:57,14.0,sum by(chunk_owner) (mc_player_location),multipaper-server-5d4c584f66-rgslp
2025-05-22 06:51:58,14.0,sum by(chunk_owner) (mc_player_location),multipaper-server-5d4c584f66-rgslp
2025-05-22 06:51:59,14.0,sum by(chunk_owner) (mc_player_location),multipaper-server-5d4c584f66-rgslp
2025-05-22 06:52:00,15.0,sum by(chunk_owner) (mc_player_location),multipaper-server-5d4c584f66-rgslp
2025-05-22 06:52:01,16.0,sum by(chunk_owner) (mc_player_location),multipaper-server-5d4c584f66-rgslp
2025-05-22 06:52:02,15.0,sum by(chunk_owner) (mc_player_location),multipaper-server-5d4c584f66-rgslp
2025-05-22 06:52:03,14.0,sum by(chunk_owner) (mc_player_location),multipaper-server-5d4c584f66-rgslp
2025-05-22 06:52:04,14.0,sum by(chunk_owner) (mc_player_location),multipaper-server-5d4c584f66-rgslp
2025-05-22 06:52:05,15.0,sum by(chunk_owner) (mc_player_location),multipaper-server-5d4c584f66-rgslp
2025-05-22 06:52:06,17.0,sum by(chunk_owner) (mc_player_location),multipaper-server-5d4c584f66-rgslp
2025-05-22 06:52:07,18.0,sum by(chunk_owner) (mc_player_location),multipaper-server-5d4c584f66-rgslp
2025-05-22 06:52:08,18.0,sum by(chunk_owner) (mc_player_location),multipaper-server-5d4c584f66-rgslp
2025-05-22 06:52:09,18.0,sum by(chunk_owner) (mc_player_location),multipaper-server-5d4c584f66-rgslp
2025-05-22 06:52:10,19.0,sum by(chunk_owner) (mc_player_location),multipaper-server-5d4c584f66-rgslp
2025-05-22 06:52:11,19.0,sum by(chunk_owner) (mc_player_location),multipaper-server-5d4c584f66-rgslp
2025-05-22 06:52:12,18.0,sum by(chunk_owner) (mc_player_location),multipaper-server-5d4c584f66-rgslp
2025-05-22 06:52:13,18.0,sum by(chunk_owner) (mc_player_location),multipaper-server-5d4c584f66-rgslp
2025-05-22 06:52:14,18.0,sum by(chunk_owner) (mc_player_location),multipaper-server-5d4c584f66-rgslp
2025-05-22 06:52:15,18.0,sum by(chunk_owner) (mc_player_location),multipaper-server-5d4c584f66-rgslp
2025-05-22 06:52:16,17.0,sum by(chunk_owner) (mc_player_location),multipaper-server-5d4c584f66-rgslp
2025-05-22 06:52:17,18.0,sum by(chunk_owner) (mc_player_location),multipaper-server-5d4c584f66-rgslp
2025-05-22 06:52:18,17.0,sum by(chunk_owner) (mc_player_location),multipaper-server-5d4c584f66-rgslp
2025-05-22 06:52:19,18.0,sum by(chunk_owner) (mc_player_location),multipaper-server-5d4c584f66-rgslp
2025-05-22 06:52:20,17.0,sum by(chunk_owner) (mc_player_location),multipaper-server-5d4c584f66-rgslp
2025-05-22 06:52:21,17.0,sum by(chunk_owner) (mc_player_location),multipaper-server-5d4c584f66-rgslp
2025-05-22 06:52:22,17.0,sum by(chunk_owner) (mc_player_location),multipaper-server-5d4c584f66-rgslp
2025-05-22 06:52:23,17.0,sum by(chunk_owner) (mc_player_location),multipaper-server-5d4c584f66-rgslp
2025-05-22 06:52:24,17.0,sum by(chunk_owner) (mc_player_location),multipaper-server-5d4c584f66-rgslp
2025-05-22 06:52:25,17.0,sum by(chunk_owner) (mc_player_location),multipaper-server-5d4c584f66-rgslp
2025-05-22 06:52:26,17.0,sum by(chunk_owner) (mc_player_location),multipaper-server-5d4c584f66-rgslp
2025-05-22 06:52:27,17.0,sum by(chunk_owner) (mc_player_location),multipaper-server-5d4c584f66-rgslp
2025-05-22 06:52:28,17.0,sum by(chunk_owner) (mc_player_location),multipaper-server-5d4c584f66-rgslp
2025-05-22 06:52:29,17.0,sum by(chunk_owner) (mc_player_location),multipaper-server-5d4c584f66-rgslp
2025-05-22 06:52:30,17.0,sum by(chunk_owner) (mc_player_location),multipaper-server-5d4c584f66-rgslp
2025-05-22 06:52:31,16.0,sum by(chunk_owner) (mc_player_location),multipaper-server-5d4c584f66-rgslp
2025-05-22 06:52:32,16.0,sum by(chunk_owner) (mc_player_location),multipaper-server-5d4c584f66-rgslp
2025-05-22 06:52:33,15.0,sum by(chunk_owner) (mc_player_location),multipaper-server-5d4c584f66-rgslp
2025-05-22 06:52:34,15.0,sum by(chunk_owner) (mc_player_location),multipaper-server-5d4c584f66-rgslp
2025-05-22 06:52:35,15.0,sum by(chunk_owner) (mc_player_location),multipaper-server-5d4c584f66-rgslp
2025-05-22 06:52:36,15.0,sum by(chunk_owner) (mc_player_location),multipaper-server-5d4c584f66-rgslp
2025-05-22 06:52:37,17.0,sum by(chunk_owner) (mc_player_location),multipaper-server-5d4c584f66-rgslp
2025-05-22 06:52:38,18.0,sum by(chunk_owner) (mc_player_location),multipaper-server-5d4c584f66-rgslp
2025-05-22 06:52:39,18.0,sum by(chunk_owner) (mc_player_location),multipaper-server-5d4c584f66-rgslp
2025-05-22 06:52:40,18.0,sum by(chunk_owner) (mc_player_location),multipaper-server-5d4c584f66-rgslp
2025-05-22 06:52:41,19.0,sum by(chunk_owner) (mc_player_location),multipaper-server-5d4c584f66-rgslp
2025-05-22 06:52:42,20.0,sum by(chunk_owner) (mc_player_location),multipaper-server-5d4c584f66-rgslp
2025-05-22 06:52:43,23.0,sum by(chunk_owner) (mc_player_location),multipaper-server-5d4c584f66-rgslp
2025-05-22 06:52:44,23.0,sum by(chunk_owner) (mc_player_location),multipaper-server-5d4c584f66-rgslp
2025-05-22 06:52:45,24.0,sum by(chunk_owner) (mc_player_location),multipaper-server-5d4c584f66-rgslp
2025-05-22 06:52:46,23.0,sum by(chunk_owner) (mc_player_location),multipaper-server-5d4c584f66-rgslp
2025-05-22 06:52:47,22.0,sum by(chunk_owner) (mc_player_location),multipaper-server-5d4c584f66-rgslp
2025-05-22 06:52:48,19.0,sum by(chunk_owner) (mc_player_location),multipaper-server-5d4c584f66-rgslp
2025-05-22 06:52:49,19.0,sum by(chunk_owner) (mc_player_location),multipaper-server-5d4c584f66-rgslp
2025-05-22 06:52:50,20.0,sum by(chunk_owner) (mc_player_location),multipaper-server-5d4c584f66-rgslp
2025-05-22 06:52:51,19.0,sum by(chunk_owner) (mc_player_location),multipaper-server-5d4c584f66-rgslp
2025-05-22 06:52:52,19.0,sum by(chunk_owner) (mc_player_location),multipaper-server-5d4c584f66-rgslp
2025-05-22 06:52:53,20.0,sum by(chunk_owner) (mc_player_location),multipaper-server-5d4c584f66-rgslp
2025-05-22 06:52:54,20.0,sum by(chunk_owner) (mc_player_location),multipaper-server-5d4c584f66-rgslp
2025-05-22 06:52:55,21.0,sum by(chunk_owner) (mc_player_location),multipaper-server-5d4c584f66-rgslp
2025-05-22 06:52:56,22.0,sum by(chunk_owner) (mc_player_location),multipaper-server-5d4c584f66-rgslp
2025-05-22 06:52:57,22.0,sum by(chunk_owner) (mc_player_location),multipaper-server-5d4c584f66-rgslp
2025-05-22 06:52:58,23.0,sum by(chunk_owner) (mc_player_location),multipaper-server-5d4c584f66-rgslp
2025-05-22 06:52:59,23.0,sum by(chunk_owner) (mc_player_location),multipaper-server-5d4c584f66-rgslp
2025-05-22 06:53:00,23.0,sum by(chunk_owner) (mc_player_location),multipaper-server-5d4c584f66-rgslp
2025-05-22 06:53:01,21.0,sum by(chunk_owner) (mc_player_location),multipaper-server-5d4c584f66-rgslp
2025-05-22 06:53:02,22.0,sum by(chunk_owner) (mc_player_location),multipaper-server-5d4c584f66-rgslp
2025-05-22 06:53:03,22.0,sum by(chunk_owner) (mc_player_location),multipaper-server-5d4c584f66-rgslp
2025-05-22 06:53:04,22.0,sum by(chunk_owner) (mc_player_location),multipaper-server-5d4c584f66-rgslp
2025-05-22 06:53:05,23.0,sum by(chunk_owner) (mc_player_location),multipaper-server-5d4c584f66-rgslp
2025-05-22 06:53:06,23.0,sum by(chunk_owner) (mc_player_location),multipaper-server-5d4c584f66-rgslp
2025-05-22 06:53:07,24.0,sum by(chunk_owner) (mc_player_location),multipaper-server-5d4c584f66-rgslp
2025-05-22 06:53:08,25.0,sum by(chunk_owner) (mc_player_location),multipaper-server-5d4c584f66-rgslp
2025-05-22 06:53:09,26.0,sum by(chunk_owner) (mc_player_location),multipaper-server-5d4c584f66-rgslp
2025-05-22 06:53:10,26.0,sum by(chunk_owner) (mc_player_location),multipaper-server-5d4c584f66-rgslp
2025-05-22 06:53:11,28.0,sum by(chunk_owner) (mc_player_location),multipaper-server-5d4c584f66-rgslp
2025-05-22 06:53:12,29.0,sum by(chunk_owner) (mc_player_location),multipaper-server-5d4c584f66-rgslp
2025-05-22 06:53:13,29.0,sum by(chunk_owner) (mc_player_location),multipaper-server-5d4c584f66-rgslp
2025-05-22 06:53:14,29.0,sum by(chunk_owner) (mc_player_location),multipaper-server-5d4c584f66-rgslp
2025-05-22 06:53:15,30.0,sum by(chunk_owner) (mc_player_location),multipaper-server-5d4c584f66-rgslp
2025-05-22 06:53:16,29.0,sum by(chunk_owner) (mc_player_location),multipaper-server-5d4c584f66-rgslp
2025-05-22 06:53:17,30.0,sum by(chunk_owner) (mc_player_location),multipaper-server-5d4c584f66-rgslp
2025-05-22 06:53:18,30.0,sum by(chunk_owner) (mc_player_location),multipaper-server-5d4c584f66-rgslp
2025-05-22 06:53:19,31.0,sum by(chunk_owner) (mc_player_location),multipaper-server-5d4c584f66-rgslp
2025-05-22 06:53:20,31.0,sum by(chunk_owner) (mc_player_location),multipaper-server-5d4c584f66-rgslp
2025-05-22 06:53:21,33.0,sum by(chunk_owner) (mc_player_location),multipaper-server-5d4c584f66-rgslp
2025-05-22 06:53:22,34.0,sum by(chunk_owner) (mc_player_location),multipaper-server-5d4c584f66-rgslp
2025-05-22 06:53:23,35.0,sum by(chunk_owner) (mc_player_location),multipaper-server-5d4c584f66-rgslp
2025-05-22 06:53:24,37.0,sum by(chunk_owner) (mc_player_location),multipaper-server-5d4c584f66-rgslp
2025-05-22 06:53:25,37.0,sum by(chunk_owner) (mc_player_location),multipaper-server-5d4c584f66-rgslp
2025-05-22 06:53:26,36.0,sum by(chunk_owner) (mc_player_location),multipaper-server-5d4c584f66-rgslp
2025-05-22 06:53:27,36.0,sum by(chunk_owner) (mc_player_location),multipaper-server-5d4c584f66-rgslp
2025-05-22 06:53:28,33.0,sum by(chunk_owner) (mc_player_location),multipaper-server-5d4c584f66-rgslp
2025-05-22 06:53:29,33.0,sum by(chunk_owner) (mc_player_location),multipaper-server-5d4c584f66-rgslp
2025-05-22 06:53:30,33.0,sum by(chunk_owner) (mc_player_location),multipaper-server-5d4c584f66-rgslp
2025-05-22 06:53:31,34.0,sum by(chunk_owner) (mc_player_location),multipaper-server-5d4c584f66-rgslp
2025-05-22 06:53:32,32.0,sum by(chunk_owner) (mc_player_location),multipaper-server-5d4c584f66-rgslp
2025-05-22 06:53:33,32.0,sum by(chunk_owner) (mc_player_location),multipaper-server-5d4c584f66-rgslp
2025-05-22 06:53:34,33.0,sum by(chunk_owner) (mc_player_location),multipaper-server-5d4c584f66-rgslp
2025-05-22 06:53:35,32.0,sum by(chunk_owner) (mc_player_location),multipaper-server-5d4c584f66-rgslp
2025-05-22 06:53:36,32.0,sum by(chunk_owner) (mc_player_location),multipaper-server-5d4c584f66-rgslp
2025-05-22 06:53:37,32.0,sum by(chunk_owner) (mc_player_location),multipaper-server-5d4c584f66-rgslp
2025-05-22 06:53:38,33.0,sum by(chunk_owner) (mc_player_location),multipaper-server-5d4c584f66-rgslp
2025-05-22 06:53:39,33.0,sum by(chunk_owner) (mc_player_location),multipaper-server-5d4c584f66-rgslp
2025-05-22 06:53:40,33.0,sum by(chunk_owner) (mc_player_location),multipaper-server-5d4c584f66-rgslp
2025-05-22 06:53:41,35.0,sum by(chunk_owner) (mc_player_location),multipaper-server-5d4c584f66-rgslp
2025-05-22 06:53:42,35.0,sum by(chunk_owner) (mc_player_location),multipaper-server-5d4c584f66-rgslp
2025-05-22 06:53:43,35.0,sum by(chunk_owner) (mc_player_location),multipaper-server-5d4c584f66-rgslp
2025-05-22 06:53:44,35.0,sum by(chunk_owner) (mc_player_location),multipaper-server-5d4c584f66-rgslp
2025-05-22 06:53:45,35.0,sum by(chunk_owner) (mc_player_location),multipaper-server-5d4c584f66-rgslp
2025-05-22 06:53:46,36.0,sum by(chunk_owner) (mc_player_location),multipaper-server-5d4c584f66-rgslp
2025-05-22 06:53:47,37.0,sum by(chunk_owner) (mc_player_location),multipaper-server-5d4c584f66-rgslp
2025-05-22 06:53:48,37.0,sum by(chunk_owner) (mc_player_location),multipaper-server-5d4c584f66-rgslp
2025-05-22 06:53:49,36.0,sum by(chunk_owner) (mc_player_location),multipaper-server-5d4c584f66-rgslp
2025-05-22 06:53:50,36.0,sum by(chunk_owner) (mc_player_location),multipaper-server-5d4c584f66-rgslp
2025-05-22 06:53:51,37.0,sum by(chunk_owner) (mc_player_location),multipaper-server-5d4c584f66-rgslp
2025-05-22 06:53:52,37.0,sum by(chunk_owner) (mc_player_location),multipaper-server-5d4c584f66-rgslp
2025-05-22 06:53:53,36.0,sum by(chunk_owner) (mc_player_location),multipaper-server-5d4c584f66-rgslp
2025-05-22 06:53:54,36.0,sum by(chunk_owner) (mc_player_location),multipaper-server-5d4c584f66-rgslp
2025-05-22 06:53:55,36.0,sum by(chunk_owner) (mc_player_location),multipaper-server-5d4c584f66-rgslp
2025-05-22 06:53:56,36.0,sum by(chunk_owner) (mc_player_location),multipaper-server-5d4c584f66-rgslp
2025-05-22 06:53:57,36.0,sum by(chunk_owner) (mc_player_location),multipaper-server-5d4c584f66-rgslp
2025-05-22 06:53:58,37.0,sum by(chunk_owner) (mc_player_location),multipaper-server-5d4c584f66-rgslp
2025-05-22 06:53:59,38.0,sum by(chunk_owner) (mc_player_location),multipaper-server-5d4c584f66-rgslp
2025-05-22 06:54:00,37.0,sum by(chunk_owner) (mc_player_location),multipaper-server-5d4c584f66-rgslp
2025-05-22 06:54:01,38.0,sum by(chunk_owner) (mc_player_location),multipaper-server-5d4c584f66-rgslp
2025-05-22 06:54:02,38.0,sum by(chunk_owner) (mc_player_location),multipaper-server-5d4c584f66-rgslp
2025-05-22 06:54:03,40.0,sum by(chunk_owner) (mc_player_location),multipaper-server-5d4c584f66-rgslp
2025-05-22 06:54:04,41.0,sum by(chunk_owner) (mc_player_location),multipaper-server-5d4c584f66-rgslp
2025-05-22 06:54:05,41.0,sum by(chunk_owner) (mc_player_location),multipaper-server-5d4c584f66-rgslp
2025-05-22 06:54:06,42.0,sum by(chunk_owner) (mc_player_location),multipaper-server-5d4c584f66-rgslp
2025-05-22 06:54:07,41.0,sum by(chunk_owner) (mc_player_location),multipaper-server-5d4c584f66-rgslp
2025-05-22 06:54:08,42.0,sum by(chunk_owner) (mc_player_location),multipaper-server-5d4c584f66-rgslp
2025-05-22 06:54:09,43.0,sum by(chunk_owner) (mc_player_location),multipaper-server-5d4c584f66-rgslp
2025-05-22 06:54:10,43.0,sum by(chunk_owner) (mc_player_location),multipaper-server-5d4c584f66-rgslp
2025-05-22 06:54:11,45.0,sum by(chunk_owner) (mc_player_location),multipaper-server-5d4c584f66-rgslp
2025-05-22 06:54:12,46.0,sum by(chunk_owner) (mc_player_location),multipaper-server-5d4c584f66-rgslp
2025-05-22 06:54:13,46.0,sum by(chunk_owner) (mc_player_location),multipaper-server-5d4c584f66-rgslp
2025-05-22 06:54:14,45.0,sum by(chunk_owner) (mc_player_location),multipaper-server-5d4c584f66-rgslp
2025-05-22 06:54:15,48.0,sum by(chunk_owner) (mc_player_location),multipaper-server-5d4c584f66-rgslp
2025-05-22 06:54:16,46.0,sum by(chunk_owner) (mc_player_location),multipaper-server-5d4c584f66-rgslp
2025-05-22 06:54:17,44.0,sum by(chunk_owner) (mc_player_location),multipaper-server-5d4c584f66-rgslp
2025-05-22 06:54:18,45.0,sum by(chunk_owner) (mc_player_location),multipaper-server-5d4c584f66-rgslp
2025-05-22 06:54:19,45.0,sum by(chunk_owner) (mc_player_location),multipaper-server-5d4c584f66-rgslp
2025-05-22 06:54:20,46.0,sum by(chunk_owner) (mc_player_location),multipaper-server-5d4c584f66-rgslp
2025-05-22 06:54:21,47.0,sum by(chunk_owner) (mc_player_location),multipaper-server-5d4c584f66-rgslp
2025-05-22 06:54:22,47.0,sum by(chunk_owner) (mc_player_location),multipaper-server-5d4c584f66-rgslp
2025-05-22 06:54:23,46.0,sum by(chunk_owner) (mc_player_location),multipaper-server-5d4c584f66-rgslp
2025-05-22 06:54:24,44.0,sum by(chunk_owner) (mc_player_location),multipaper-server-5d4c584f66-rgslp
2025-05-22 06:54:25,46.0,sum by(chunk_owner) (mc_player_location),multipaper-server-5d4c584f66-rgslp
2025-05-22 06:54:26,46.0,sum by(chunk_owner) (mc_player_location),multipaper-server-5d4c584f66-rgslp
2025-05-22 06:54:27,45.0,sum by(chunk_owner) (mc_player_location),multipaper-server-5d4c584f66-rgslp
2025-05-22 06:54:28,45.0,sum by(chunk_owner) (mc_player_location),multipaper-server-5d4c584f66-rgslp
2025-05-22 06:54:29,46.0,sum by(chunk_owner) (mc_player_location),multipaper-server-5d4c584f66-rgslp
2025-05-22 06:54:30,47.0,sum by(chunk_owner) (mc_player_location),multipaper-server-5d4c584f66-rgslp
2025-05-22 06:54:31,47.0,sum by(chunk_owner) (mc_player_location),multipaper-server-5d4c584f66-rgslp
2025-05-22 06:54:32,50.0,sum by(chunk_owner) (mc_player_location),multipaper-server-5d4c584f66-rgslp
2025-05-22 06:54:33,50.0,sum by(chunk_owner) (mc_player_location),multipaper-server-5d4c584f66-rgslp
2025-05-22 06:54:34,49.0,sum by(chunk_owner) (mc_player_location),multipaper-server-5d4c584f66-rgslp
2025-05-22 06:54:35,49.0,sum by(chunk_owner) (mc_player_location),multipaper-server-5d4c584f66-rgslp
2025-05-22 06:54:36,49.0,sum by(chunk_owner) (mc_player_location),multipaper-server-5d4c584f66-rgslp
2025-05-22 06:54:37,48.0,sum by(chunk_owner) (mc_player_location),multipaper-server-5d4c584f66-rgslp
2025-05-22 06:54:38,48.0,sum by(chunk_owner) (mc_player_location),multipaper-server-5d4c584f66-rgslp
2025-05-22 06:54:39,49.0,sum by(chunk_owner) (mc_player_location),multipaper-server-5d4c584f66-rgslp
2025-05-22 06:54:40,50.0,sum by(chunk_owner) (mc_player_location),multipaper-server-5d4c584f66-rgslp
2025-05-22 06:54:41,49.0,sum by(chunk_owner) (mc_player_location),multipaper-server-5d4c584f66-rgslp
2025-05-22 06:54:42,50.0,sum by(chunk_owner) (mc_player_location),multipaper-server-5d4c584f66-rgslp
2025-05-22 06:54:43,52.0,sum by(chunk_owner) (mc_player_location),multipaper-server-5d4c584f66-rgslp
2025-05-22 06:54:44,51.0,sum by(chunk_owner) (mc_player_location),multipaper-server-5d4c584f66-rgslp
2025-05-22 06:54:45,52.0,sum by(chunk_owner) (mc_player_location),multipaper-server-5d4c584f66-rgslp
2025-05-22 06:54:46,52.0,sum by(chunk_owner) (mc_player_location),multipaper-server-5d4c584f66-rgslp
2025-05-22 06:54:47,53.0,sum by(chunk_owner) (mc_player_location),multipaper-server-5d4c584f66-rgslp
2025-05-22 06:54:48,52.0,sum by(chunk_owner) (mc_player_location),multipaper-server-5d4c584f66-rgslp
2025-05-22 06:54:49,52.0,sum by(chunk_owner) (mc_player_location),multipaper-server-5d4c584f66-rgslp
2025-05-22 06:54:50,52.0,sum by(chunk_owner) (mc_player_location),multipaper-server-5d4c584f66-rgslp
2025-05-22 06:54:51,52.0,sum by(chunk_owner) (mc_player_location),multipaper-server-5d4c584f66-rgslp
2025-05-22 06:54:52,49.0,sum by(chunk_owner) (mc_player_location),multipaper-server-5d4c584f66-rgslp
2025-05-22 06:54:53,48.0,sum by(chunk_owner) (mc_player_location),multipaper-server-5d4c584f66-rgslp
2025-05-22 06:54:54,48.0,sum by(chunk_owner) (mc_player_location),multipaper-server-5d4c584f66-rgslp
2025-05-22 06:54:55,48.0,sum by(chunk_owner) (mc_player_location),multipaper-server-5d4c584f66-rgslp
2025-05-22 06:54:56,48.0,sum by(chunk_owner) (mc_player_location),multipaper-server-5d4c584f66-rgslp
2025-05-22 06:54:57,48.0,sum by(chunk_owner) (mc_player_location),multipaper-server-5d4c584f66-rgslp
2025-05-22 06:54:58,48.0,sum by(chunk_owner) (mc_player_location),multipaper-server-5d4c584f66-rgslp
2025-05-22 06:54:59,48.0,sum by(chunk_owner) (mc_player_location),multipaper-server-5d4c584f66-rgslp
2025-05-22 06:55:00,46.0,sum by(chunk_owner) (mc_player_location),multipaper-server-5d4c584f66-rgslp
2025-05-22 06:55:01,46.0,sum by(chunk_owner) (mc_player_location),multipaper-server-5d4c584f66-rgslp
2025-05-22 06:55:02,46.0,sum by(chunk_owner) (mc_player_location),multipaper-server-5d4c584f66-rgslp
2025-05-22 06:55:03,47.0,sum by(chunk_owner) (mc_player_location),multipaper-server-5d4c584f66-rgslp
2025-05-22 06:55:04,47.0,sum by(chunk_owner) (mc_player_location),multipaper-server-5d4c584f66-rgslp
2025-05-22 06:55:05,47.0,sum by(chunk_owner) (mc_player_location),multipaper-server-5d4c584f66-rgslp
2025-05-22 06:55:06,46.0,sum by(chunk_owner) (mc_player_location),multipaper-server-5d4c584f66-rgslp
2025-05-22 06:55:07,46.0,sum by(chunk_owner) (mc_player_location),multipaper-server-5d4c584f66-rgslp
2025-05-22 06:55:08,45.0,sum by(chunk_owner) (mc_player_location),multipaper-server-5d4c584f66-rgslp
2025-05-22 06:55:09,45.0,sum by(chunk_owner) (mc_player_location),multipaper-server-5d4c584f66-rgslp
2025-05-22 06:55:10,44.0,sum by(chunk_owner) (mc_player_location),multipaper-server-5d4c584f66-rgslp
2025-05-22 06:55:11,44.0,sum by(chunk_owner) (mc_player_location),multipaper-server-5d4c584f66-rgslp
2025-05-22 06:55:12,44.0,sum by(chunk_owner) (mc_player_location),multipaper-server-5d4c584f66-rgslp
2025-05-22 06:55:13,46.0,sum by(chunk_owner) (mc_player_location),multipaper-server-5d4c584f66-rgslp
2025-05-22 06:55:14,45.0,sum by(chunk_owner) (mc_player_location),multipaper-server-5d4c584f66-rgslp
2025-05-22 06:55:15,45.0,sum by(chunk_owner) (mc_player_location),multipaper-server-5d4c584f66-rgslp
2025-05-22 06:55:16,47.0,sum by(chunk_owner) (mc_player_location),multipaper-server-5d4c584f66-rgslp
2025-05-22 06:55:17,46.0,sum by(chunk_owner) (mc_player_location),multipaper-server-5d4c584f66-rgslp
2025-05-22 06:55:18,43.0,sum by(chunk_owner) (mc_player_location),multipaper-server-5d4c584f66-rgslp
2025-05-22 06:55:19,44.0,sum by(chunk_owner) (mc_player_location),multipaper-server-5d4c584f66-rgslp
2025-05-22 06:55:20,44.0,sum by(chunk_owner) (mc_player_location),multipaper-server-5d4c584f66-rgslp
2025-05-22 06:55:21,45.0,sum by(chunk_owner) (mc_player_location),multipaper-server-5d4c584f66-rgslp
2025-05-22 06:55:22,46.0,sum by(chunk_owner) (mc_player_location),multipaper-server-5d4c584f66-rgslp
2025-05-22 06:55:23,46.0,sum by(chunk_owner) (mc_player_location),multipaper-server-5d4c584f66-rgslp
2025-05-22 06:55:24,47.0,sum by(chunk_owner) (mc_player_location),multipaper-server-5d4c584f66-rgslp
2025-05-22 06:55:25,47.0,sum by(chunk_owner) (mc_player_location),multipaper-server-5d4c584f66-rgslp
2025-05-22 06:55:26,48.0,sum by(chunk_owner) (mc_player_location),multipaper-server-5d4c584f66-rgslp
2025-05-22 06:55:27,47.0,sum by(chunk_owner) (mc_player_location),multipaper-server-5d4c584f66-rgslp
2025-05-22 06:55:28,48.0,sum by(chunk_owner) (mc_player_location),multipaper-server-5d4c584f66-rgslp
2025-05-22 06:55:29,48.0,sum by(chunk_owner) (mc_player_location),multipaper-server-5d4c584f66-rgslp
2025-05-22 06:55:30,49.0,sum by(chunk_owner) (mc_player_location),multipaper-server-5d4c584f66-rgslp
2025-05-22 06:55:31,48.0,sum by(chunk_owner) (mc_player_location),multipaper-server-5d4c584f66-rgslp
2025-05-22 06:55:32,49.0,sum by(chunk_owner) (mc_player_location),multipaper-server-5d4c584f66-rgslp
2025-05-22 06:55:33,49.0,sum by(chunk_owner) (mc_player_location),multipaper-server-5d4c584f66-rgslp
2025-05-22 06:55:34,49.0,sum by(chunk_owner) (mc_player_location),multipaper-server-5d4c584f66-rgslp
2025-05-22 06:55:35,48.0,sum by(chunk_owner) (mc_player_location),multipaper-server-5d4c584f66-rgslp
2025-05-22 06:55:36,49.0,sum by(chunk_owner) (mc_player_location),multipaper-server-5d4c584f66-rgslp
2025-05-22 06:55:37,49.0,sum by(chunk_owner) (mc_player_location),multipaper-server-5d4c584f66-rgslp
2025-05-22 06:55:38,49.0,sum by(chunk_owner) (mc_player_location),multipaper-server-5d4c584f66-rgslp
2025-05-22 06:55:39,49.0,sum by(chunk_owner) (mc_player_location),multipaper-server-5d4c584f66-rgslp
2025-05-22 06:55:40,48.0,sum by(chunk_owner) (mc_player_location),multipaper-server-5d4c584f66-rgslp
2025-05-22 06:55:41,49.0,sum by(chunk_owner) (mc_player_location),multipaper-server-5d4c584f66-rgslp
2025-05-22 06:55:42,49.0,sum by(chunk_owner) (mc_player_location),multipaper-server-5d4c584f66-rgslp
2025-05-22 06:55:43,47.0,sum by(chunk_owner) (mc_player_location),multipaper-server-5d4c584f66-rgslp
2025-05-22 06:55:44,47.0,sum by(chunk_owner) (mc_player_location),multipaper-server-5d4c584f66-rgslp
2025-05-22 06:55:45,47.0,sum by(chunk_owner) (mc_player_location),multipaper-server-5d4c584f66-rgslp
2025-05-22 06:55:46,46.0,sum by(chunk_owner) (mc_player_location),multipaper-server-5d4c584f66-rgslp
2025-05-22 06:55:47,48.0,sum by(chunk_owner) (mc_player_location),multipaper-server-5d4c584f66-rgslp
2025-05-22 06:55:48,47.0,sum by(chunk_owner) (mc_player_location),multipaper-server-5d4c584f66-rgslp
2025-05-22 06:55:49,48.0,sum by(chunk_owner) (mc_player_location),multipaper-server-5d4c584f66-rgslp
2025-05-22 06:55:50,48.0,sum by(chunk_owner) (mc_player_location),multipaper-server-5d4c584f66-rgslp
2025-05-22 06:55:51,45.0,sum by(chunk_owner) (mc_player_location),multipaper-server-5d4c584f66-rgslp
2025-05-22 06:55:52,46.0,sum by(chunk_owner) (mc_player_location),multipaper-server-5d4c584f66-rgslp
2025-05-22 06:55:53,46.0,sum by(chunk_owner) (mc_player_location),multipaper-server-5d4c584f66-rgslp
2025-05-22 06:55:54,45.0,sum by(chunk_owner) (mc_player_location),multipaper-server-5d4c584f66-rgslp
2025-05-22 06:55:55,45.0,sum by(chunk_owner) (mc_player_location),multipaper-server-5d4c584f66-rgslp
2025-05-22 06:55:56,42.0,sum by(chunk_owner) (mc_player_location),multipaper-server-5d4c584f66-rgslp
2025-05-22 06:55:57,42.0,sum by(chunk_owner) (mc_player_location),multipaper-server-5d4c584f66-rgslp
2025-05-22 06:55:58,40.0,sum by(chunk_owner) (mc_player_location),multipaper-server-5d4c584f66-rgslp
2025-05-22 06:55:59,40.0,sum by(chunk_owner) (mc_player_location),multipaper-server-5d4c584f66-rgslp
2025-05-22 06:56:00,41.0,sum by(chunk_owner) (mc_player_location),multipaper-server-5d4c584f66-rgslp
2025-05-22 06:56:01,41.0,sum by(chunk_owner) (mc_player_location),multipaper-server-5d4c584f66-rgslp
2025-05-22 06:56:02,41.0,sum by(chunk_owner) (mc_player_location),multipaper-server-5d4c584f66-rgslp
2025-05-22 06:56:03,40.0,sum by(chunk_owner) (mc_player_location),multipaper-server-5d4c584f66-rgslp
2025-05-22 06:56:04,40.0,sum by(chunk_owner) (mc_player_location),multipaper-server-5d4c584f66-rgslp
2025-05-22 06:56:05,39.0,sum by(chunk_owner) (mc_player_location),multipaper-server-5d4c584f66-rgslp
2025-05-22 06:56:06,40.0,sum by(chunk_owner) (mc_player_location),multipaper-server-5d4c584f66-rgslp
2025-05-22 06:56:07,40.0,sum by(chunk_owner) (mc_player_location),multipaper-server-5d4c584f66-rgslp
2025-05-22 06:56:08,40.0,sum by(chunk_owner) (mc_player_location),multipaper-server-5d4c584f66-rgslp
2025-05-22 06:56:09,40.0,sum by(chunk_owner) (mc_player_location),multipaper-server-5d4c584f66-rgslp
2025-05-22 06:56:10,40.0,sum by(chunk_owner) (mc_player_location),multipaper-server-5d4c584f66-rgslp
2025-05-22 06:56:11,40.0,sum by(chunk_owner) (mc_player_location),multipaper-server-5d4c584f66-rgslp
2025-05-22 06:56:12,41.0,sum by(chunk_owner) (mc_player_location),multipaper-server-5d4c584f66-rgslp
2025-05-22 06:56:13,42.0,sum by(chunk_owner) (mc_player_location),multipaper-server-5d4c584f66-rgslp
2025-05-22 06:56:14,42.0,sum by(chunk_owner) (mc_player_location),multipaper-server-5d4c584f66-rgslp
2025-05-22 06:56:15,42.0,sum by(chunk_owner) (mc_player_location),multipaper-server-5d4c584f66-rgslp
2025-05-22 06:56:16,44.0,sum by(chunk_owner) (mc_player_location),multipaper-server-5d4c584f66-rgslp
2025-05-22 06:56:17,43.0,sum by(chunk_owner) (mc_player_location),multipaper-server-5d4c584f66-rgslp
2025-05-22 06:56:18,43.0,sum by(chunk_owner) (mc_player_location),multipaper-server-5d4c584f66-rgslp
2025-05-22 06:56:19,43.0,sum by(chunk_owner) (mc_player_location),multipaper-server-5d4c584f66-rgslp
2025-05-22 06:56:20,45.0,sum by(chunk_owner) (mc_player_location),multipaper-server-5d4c584f66-rgslp
2025-05-22 06:56:21,46.0,sum by(chunk_owner) (mc_player_location),multipaper-server-5d4c584f66-rgslp
2025-05-22 06:56:22,47.0,sum by(chunk_owner) (mc_player_location),multipaper-server-5d4c584f66-rgslp
2025-05-22 06:56:23,47.0,sum by(chunk_owner) (mc_player_location),multipaper-server-5d4c584f66-rgslp
2025-05-22 06:56:24,47.0,sum by(chunk_owner) (mc_player_location),multipaper-server-5d4c584f66-rgslp
2025-05-22 06:56:25,47.0,sum by(chunk_owner) (mc_player_location),multipaper-server-5d4c584f66-rgslp
2025-05-22 06:56:26,48.0,sum by(chunk_owner) (mc_player_location),multipaper-server-5d4c584f66-rgslp
2025-05-22 06:56:27,50.0,sum by(chunk_owner) (mc_player_location),multipaper-server-5d4c584f66-rgslp
2025-05-22 06:56:28,50.0,sum by(chunk_owner) (mc_player_location),multipaper-server-5d4c584f66-rgslp
2025-05-22 06:56:29,50.0,sum by(chunk_owner) (mc_player_location),multipaper-server-5d4c584f66-rgslp
2025-05-22 06:56:30,49.0,sum by(chunk_owner) (mc_player_location),multipaper-server-5d4c584f66-rgslp
2025-05-22 06:56:31,49.0,sum by(chunk_owner) (mc_player_location),multipaper-server-5d4c584f66-rgslp
2025-05-22 06:56:32,47.0,sum by(chunk_owner) (mc_player_location),multipaper-server-5d4c584f66-rgslp
2025-05-22 06:56:33,48.0,sum by(chunk_owner) (mc_player_location),multipaper-server-5d4c584f66-rgslp
2025-05-22 06:56:34,48.0,sum by(chunk_owner) (mc_player_location),multipaper-server-5d4c584f66-rgslp
2025-05-22 06:56:35,50.0,sum by(chunk_owner) (mc_player_location),multipaper-server-5d4c584f66-rgslp
2025-05-22 06:56:36,50.0,sum by(chunk_owner) (mc_player_location),multipaper-server-5d4c584f66-rgslp
2025-05-22 06:56:37,50.0,sum by(chunk_owner) (mc_player_location),multipaper-server-5d4c584f66-rgslp
2025-05-22 06:56:38,50.0,sum by(chunk_owner) (mc_player_location),multipaper-server-5d4c584f66-rgslp
2025-05-22 06:56:39,49.0,sum by(chunk_owner) (mc_player_location),multipaper-server-5d4c584f66-rgslp
2025-05-22 06:56:40,48.0,sum by(chunk_owner) (mc_player_location),multipaper-server-5d4c584f66-rgslp
2025-05-22 06:56:41,48.0,sum by(chunk_owner) (mc_player_location),multipaper-server-5d4c584f66-rgslp
2025-05-22 06:56:42,48.0,sum by(chunk_owner) (mc_player_location),multipaper-server-5d4c584f66-rgslp
2025-05-22 06:56:43,47.0,sum by(chunk_owner) (mc_player_location),multipaper-server-5d4c584f66-rgslp
2025-05-22 06:56:44,47.0,sum by(chunk_owner) (mc_player_location),multipaper-server-5d4c584f66-rgslp
2025-05-22 06:56:45,47.0,sum by(chunk_owner) (mc_player_location),multipaper-server-5d4c584f66-rgslp
2025-05-22 06:56:46,46.0,sum by(chunk_owner) (mc_player_location),multipaper-server-5d4c584f66-rgslp
2025-05-22 06:56:47,46.0,sum by(chunk_owner) (mc_player_location),multipaper-server-5d4c584f66-rgslp
2025-05-22 06:56:48,44.0,sum by(chunk_owner) (mc_player_location),multipaper-server-5d4c584f66-rgslp
2025-05-22 06:56:49,45.0,sum by(chunk_owner) (mc_player_location),multipaper-server-5d4c584f66-rgslp
2025-05-22 06:56:50,46.0,sum by(chunk_owner) (mc_player_location),multipaper-server-5d4c584f66-rgslp
2025-05-22 06:56:51,46.0,sum by(chunk_owner) (mc_player_location),multipaper-server-5d4c584f66-rgslp
2025-05-22 06:56:52,45.0,sum by(chunk_owner) (mc_player_location),multipaper-server-5d4c584f66-rgslp
2025-05-22 06:56:53,44.0,sum by(chunk_owner) (mc_player_location),multipaper-server-5d4c584f66-rgslp
2025-05-22 06:56:54,45.0,sum by(chunk_owner) (mc_player_location),multipaper-server-5d4c584f66-rgslp
2025-05-22 06:56:55,46.0,sum by(chunk_owner) (mc_player_location),multipaper-server-5d4c584f66-rgslp
2025-05-22 06:56:56,46.0,sum by(chunk_owner) (mc_player_location),multipaper-server-5d4c584f66-rgslp
2025-05-22 06:56:57,46.0,sum by(chunk_owner) (mc_player_location),multipaper-server-5d4c584f66-rgslp
2025-05-22 06:56:58,46.0,sum by(chunk_owner) (mc_player_location),multipaper-server-5d4c584f66-rgslp
2025-05-22 06:56:59,46.0,sum by(chunk_owner) (mc_player_location),multipaper-server-5d4c584f66-rgslp
2025-05-22 06:57:00,46.0,sum by(chunk_owner) (mc_player_location),multipaper-server-5d4c584f66-rgslp
2025-05-22 06:57:01,47.0,sum by(chunk_owner) (mc_player_location),multipaper-server-5d4c584f66-rgslp
2025-05-22 06:57:02,47.0,sum by(chunk_owner) (mc_player_location),multipaper-server-5d4c584f66-rgslp
2025-05-22 06:57:03,47.0,sum by(chunk_owner) (mc_player_location),multipaper-server-5d4c584f66-rgslp
2025-05-22 06:57:04,47.0,sum by(chunk_owner) (mc_player_location),multipaper-server-5d4c584f66-rgslp
2025-05-22 06:57:05,46.0,sum by(chunk_owner) (mc_player_location),multipaper-server-5d4c584f66-rgslp
2025-05-22 06:57:06,46.0,sum by(chunk_owner) (mc_player_location),multipaper-server-5d4c584f66-rgslp
2025-05-22 06:57:07,47.0,sum by(chunk_owner) (mc_player_location),multipaper-server-5d4c584f66-rgslp
2025-05-22 06:57:08,45.0,sum by(chunk_owner) (mc_player_location),multipaper-server-5d4c584f66-rgslp
2025-05-22 06:57:09,46.0,sum by(chunk_owner) (mc_player_location),multipaper-server-5d4c584f66-rgslp
2025-05-22 06:57:10,46.0,sum by(chunk_owner) (mc_player_location),multipaper-server-5d4c584f66-rgslp
2025-05-22 06:57:11,47.0,sum by(chunk_owner) (mc_player_location),multipaper-server-5d4c584f66-rgslp
2025-05-22 06:57:12,47.0,sum by(chunk_owner) (mc_player_location),multipaper-server-5d4c584f66-rgslp
2025-05-22 06:57:13,48.0,sum by(chunk_owner) (mc_player_location),multipaper-server-5d4c584f66-rgslp
2025-05-22 06:57:14,48.0,sum by(chunk_owner) (mc_player_location),multipaper-server-5d4c584f66-rgslp
2025-05-22 06:57:15,48.0,sum by(chunk_owner) (mc_player_location),multipaper-server-5d4c584f66-rgslp
2025-05-22 06:57:16,48.0,sum by(chunk_owner) (mc_player_location),multipaper-server-5d4c584f66-rgslp
2025-05-22 06:57:17,48.0,sum by(chunk_owner) (mc_player_location),multipaper-server-5d4c584f66-rgslp
2025-05-22 06:57:18,48.0,sum by(chunk_owner) (mc_player_location),multipaper-server-5d4c584f66-rgslp
2025-05-22 06:57:19,47.0,sum by(chunk_owner) (mc_player_location),multipaper-server-5d4c584f66-rgslp
2025-05-22 06:57:20,47.0,sum by(chunk_owner) (mc_player_location),multipaper-server-5d4c584f66-rgslp
2025-05-22 06:57:21,46.0,sum by(chunk_owner) (mc_player_location),multipaper-server-5d4c584f66-rgslp
2025-05-22 06:57:22,45.0,sum by(chunk_owner) (mc_player_location),multipaper-server-5d4c584f66-rgslp
2025-05-22 06:57:23,44.0,sum by(chunk_owner) (mc_player_location),multipaper-server-5d4c584f66-rgslp
2025-05-22 06:57:24,46.0,sum by(chunk_owner) (mc_player_location),multipaper-server-5d4c584f66-rgslp
2025-05-22 06:57:25,46.0,sum by(chunk_owner) (mc_player_location),multipaper-server-5d4c584f66-rgslp
2025-05-22 06:57:26,46.0,sum by(chunk_owner) (mc_player_location),multipaper-server-5d4c584f66-rgslp
2025-05-22 06:57:27,48.0,sum by(chunk_owner) (mc_player_location),multipaper-server-5d4c584f66-rgslp
2025-05-22 06:57:28,48.0,sum by(chunk_owner) (mc_player_location),multipaper-server-5d4c584f66-rgslp
2025-05-22 06:57:29,50.0,sum by(chunk_owner) (mc_player_location),multipaper-server-5d4c584f66-rgslp
2025-05-22 06:57:30,51.0,sum by(chunk_owner) (mc_player_location),multipaper-server-5d4c584f66-rgslp
2025-05-22 06:57:31,51.0,sum by(chunk_owner) (mc_player_location),multipaper-server-5d4c584f66-rgslp
2025-05-22 06:57:32,51.0,sum by(chunk_owner) (mc_player_location),multipaper-server-5d4c584f66-rgslp
2025-05-22 06:57:33,51.0,sum by(chunk_owner) (mc_player_location),multipaper-server-5d4c584f66-rgslp
2025-05-22 06:57:34,51.0,sum by(chunk_owner) (mc_player_location),multipaper-server-5d4c584f66-rgslp
2025-05-22 06:57:35,51.0,sum by(chunk_owner) (mc_player_location),multipaper-server-5d4c584f66-rgslp
2025-05-22 06:57:36,51.0,sum by(chunk_owner) (mc_player_location),multipaper-server-5d4c584f66-rgslp
2025-05-22 06:57:37,50.0,sum by(chunk_owner) (mc_player_location),multipaper-server-5d4c584f66-rgslp
2025-05-22 06:57:38,47.0,sum by(chunk_owner) (mc_player_location),multipaper-server-5d4c584f66-rgslp
2025-05-22 06:57:39,47.0,sum by(chunk_owner) (mc_player_location),multipaper-server-5d4c584f66-rgslp
2025-05-22 06:57:40,48.0,sum by(chunk_owner) (mc_player_location),multipaper-server-5d4c584f66-rgslp
2025-05-22 06:57:41,48.0,sum by(chunk_owner) (mc_player_location),multipaper-server-5d4c584f66-rgslp
2025-05-22 06:57:42,49.0,sum by(chunk_owner) (mc_player_location),multipaper-server-5d4c584f66-rgslp
2025-05-22 06:57:43,49.0,sum by(chunk_owner) (mc_player_location),multipaper-server-5d4c584f66-rgslp
2025-05-22 06:57:44,49.0,sum by(chunk_owner) (mc_player_location),multipaper-server-5d4c584f66-rgslp
2025-05-22 06:57:45,49.0,sum by(chunk_owner) (mc_player_location),multipaper-server-5d4c584f66-rgslp
2025-05-22 06:57:46,49.0,sum by(chunk_owner) (mc_player_location),multipaper-server-5d4c584f66-rgslp
2025-05-22 06:57:47,49.0,sum by(chunk_owner) (mc_player_location),multipaper-server-5d4c584f66-rgslp
2025-05-22 06:57:48,49.0,sum by(chunk_owner) (mc_player_location),multipaper-server-5d4c584f66-rgslp
2025-05-22 06:57:49,49.0,sum by(chunk_owner) (mc_player_location),multipaper-server-5d4c584f66-rgslp
2025-05-22 06:57:50,51.0,sum by(chunk_owner) (mc_player_location),multipaper-server-5d4c584f66-rgslp
2025-05-22 06:57:51,50.0,sum by(chunk_owner) (mc_player_location),multipaper-server-5d4c584f66-rgslp
2025-05-22 06:57:52,49.0,sum by(chunk_owner) (mc_player_location),multipaper-server-5d4c584f66-rgslp
2025-05-22 06:57:53,50.0,sum by(chunk_owner) (mc_player_location),multipaper-server-5d4c584f66-rgslp
2025-05-22 06:57:54,50.0,sum by(chunk_owner) (mc_player_location),multipaper-server-5d4c584f66-rgslp
2025-05-22 06:57:55,50.0,sum by(chunk_owner) (mc_player_location),multipaper-server-5d4c584f66-rgslp
2025-05-22 06:57:56,50.0,sum by(chunk_owner) (mc_player_location),multipaper-server-5d4c584f66-rgslp
2025-05-22 06:57:57,50.0,sum by(chunk_owner) (mc_player_location),multipaper-server-5d4c584f66-rgslp
2025-05-22 06:57:58,52.0,sum by(chunk_owner) (mc_player_location),multipaper-server-5d4c584f66-rgslp
2025-05-22 06:57:59,52.0,sum by(chunk_owner) (mc_player_location),multipaper-server-5d4c584f66-rgslp
2025-05-22 06:58:00,52.0,sum by(chunk_owner) (mc_player_location),multipaper-server-5d4c584f66-rgslp
2025-05-22 06:58:01,53.0,sum by(chunk_owner) (mc_player_location),multipaper-server-5d4c584f66-rgslp
2025-05-22 06:58:02,52.0,sum by(chunk_owner) (mc_player_location),multipaper-server-5d4c584f66-rgslp
2025-05-22 06:58:03,51.0,sum by(chunk_owner) (mc_player_location),multipaper-server-5d4c584f66-rgslp
2025-05-22 06:58:04,51.0,sum by(chunk_owner) (mc_player_location),multipaper-server-5d4c584f66-rgslp
2025-05-22 06:58:05,51.0,sum by(chunk_owner) (mc_player_location),multipaper-server-5d4c584f66-rgslp
2025-05-22 06:58:06,51.0,sum by(chunk_owner) (mc_player_location),multipaper-server-5d4c584f66-rgslp
2025-05-22 06:58:07,51.0,sum by(chunk_owner) (mc_player_location),multipaper-server-5d4c584f66-rgslp
2025-05-22 06:58:08,49.0,sum by(chunk_owner) (mc_player_location),multipaper-server-5d4c584f66-rgslp
2025-05-22 06:58:09,49.0,sum by(chunk_owner) (mc_player_location),multipaper-server-5d4c584f66-rgslp
2025-05-22 06:58:10,49.0,sum by(chunk_owner) (mc_player_location),multipaper-server-5d4c584f66-rgslp
2025-05-22 06:58:11,49.0,sum by(chunk_owner) (mc_player_location),multipaper-server-5d4c584f66-rgslp
2025-05-22 06:58:12,48.0,sum by(chunk_owner) (mc_player_location),multipaper-server-5d4c584f66-rgslp
2025-05-22 06:58:13,51.0,sum by(chunk_owner) (mc_player_location),multipaper-server-5d4c584f66-rgslp
2025-05-22 06:58:14,51.0,sum by(chunk_owner) (mc_player_location),multipaper-server-5d4c584f66-rgslp
2025-05-22 06:58:15,50.0,sum by(chunk_owner) (mc_player_location),multipaper-server-5d4c584f66-rgslp
2025-05-22 06:58:16,50.0,sum by(chunk_owner) (mc_player_location),multipaper-server-5d4c584f66-rgslp
2025-05-22 06:58:17,54.0,sum by(chunk_owner) (mc_player_location),multipaper-server-5d4c584f66-rgslp
2025-05-22 06:58:18,53.0,sum by(chunk_owner) (mc_player_location),multipaper-server-5d4c584f66-rgslp
2025-05-22 06:58:19,52.0,sum by(chunk_owner) (mc_player_location),multipaper-server-5d4c584f66-rgslp
2025-05-22 06:58:20,51.0,sum by(chunk_owner) (mc_player_location),multipaper-server-5d4c584f66-rgslp
2025-05-22 06:58:21,51.0,sum by(chunk_owner) (mc_player_location),multipaper-server-5d4c584f66-rgslp
2025-05-22 06:58:22,50.0,sum by(chunk_owner) (mc_player_location),multipaper-server-5d4c584f66-rgslp
2025-05-22 06:58:23,50.0,sum by(chunk_owner) (mc_player_location),multipaper-server-5d4c584f66-rgslp
2025-05-22 06:58:24,49.0,sum by(chunk_owner) (mc_player_location),multipaper-server-5d4c584f66-rgslp
2025-05-22 06:58:25,50.0,sum by(chunk_owner) (mc_player_location),multipaper-server-5d4c584f66-rgslp
2025-05-22 06:58:26,51.0,sum by(chunk_owner) (mc_player_location),multipaper-server-5d4c584f66-rgslp
2025-05-22 06:58:27,51.0,sum by(chunk_owner) (mc_player_location),multipaper-server-5d4c584f66-rgslp
2025-05-22 06:58:28,48.0,sum by(chunk_owner) (mc_player_location),multipaper-server-5d4c584f66-rgslp
2025-05-22 06:58:29,47.0,sum by(chunk_owner) (mc_player_location),multipaper-server-5d4c584f66-rgslp
2025-05-22 06:58:30,47.0,sum by(chunk_owner) (mc_player_location),multipaper-server-5d4c584f66-rgslp
2025-05-22 06:58:31,47.0,sum by(chunk_owner) (mc_player_location),multipaper-server-5d4c584f66-rgslp
2025-05-22 06:58:32,47.0,sum by(chunk_owner) (mc_player_location),multipaper-server-5d4c584f66-rgslp
2025-05-22 06:58:33,47.0,sum by(chunk_owner) (mc_player_location),multipaper-server-5d4c584f66-rgslp
2025-05-22 06:58:34,47.0,sum by(chunk_owner) (mc_player_location),multipaper-server-5d4c584f66-rgslp
2025-05-22 06:58:35,10.0,sum by(chunk_owner) (mc_player_location),multipaper-server-5d4c584f66-rgslp
